id,label,domain,rows,degree,tier,x,y
FED_CFPB_COMPLAINTS,Cfpb Complaints,other,500,73,GEO,-0.06295946413411284,-0.014766791501034344
FED_CLINICALTRIALS,Clinicaltrials,health,500,6,PROBABILISTIC,0.09710562155108184,0.1652781524409925
FED_CMS_DIALYSIS,Cms Dialysis,health,7557,234,STEEL,-0.047074518765086226,-0.03975303441076724
FED_CMS_FACILITY_AFFILIATION,Cms Facility Affiliation,health,2239952,37,STEEL,0.04381778967982771,5.5155232236621084e-05
FED_CMS_HCRIS,Cms Hcris,health,6103,252,STEEL,-0.03153954853899945,-0.003672544529731768
FED_CMS_HOME_HEALTH,Cms Home Health,health,12392,194,STEEL,-0.03446058247677615,-0.009581380003615032
FED_CMS_HOSPICE,Cms Hospice,health,6852,207,STEEL,-0.029290105164528613,-0.01735932919422023
FED_CMS_HOSPITAL_GENERAL,Cms Hospital General,health,5432,279,STEEL,-0.03703236879954713,-0.013261637239948894
FED_CMS_IRF,Cms Irf,health,1222,194,STEEL,-0.05202902777149353,-0.022016163466066257
FED_CMS_LTCH,Cms Ltch,health,311,106,STEEL,-0.03955962472532904,-0.004499383008265771
FED_CMS_MEDICARE_PROVIDER,Cms Medicare Provider,health,1296739,72,STEEL,0.027267135299731154,0.047584986726269755
FED_CMS_NPPES,Cms Nppes,health,9606683,55,STEEL,0.08224272680068315,0.0458323475361408
FED_CMS_NURSING_HOME,Cms Nursing Home,health,14700,220,STEEL,-0.06755317625748432,-0.03153075377640512
FED_CMS_OPEN_PAYMENTS,Cms Open Payments,health,15385047,34,STEEL,0.06157562737054672,0.00993757759848679
FED_CMS_OPEN_PAYMENTS_2023,Cms Open Payments 2023,health,14700786,34,STEEL,0.05293284131175011,0.010539118334211752
FED_CMS_PART_D_PRESCRIBERS,Cms Part D Prescribers,health,1416883,44,STEEL,0.00599742766645031,0.02278404685826197
FED_CMS_POS_OTHER,Cms Pos Other,health,44429,302,STEEL,-0.0407008034351823,-0.025500332741432305
FED_DOJ_CRT_CASES,Doj Crt Cases,justice,1,0,,,
FED_DOJ_EPSTEIN_LIBRARY,Doj Epstein Library,justice,777,0,,,
FED_DOJ_FCA_SETTLEMENTS,Doj Fca Settlements,justice,19,0,,,
FED_EPA_ECHO,Epa Echo,other,3157891,192,STRONG,-0.09696581023850694,0.08181051907891149
FED_FARA_BULK,Fara Bulk,foreign_influence,221900,156,GEO,-0.04404832926384339,-0.030839385134617724
FED_FDA_DRUG_ENFORCEMENT,Fda Drug Enforcement,health,5000,3,GEO,0.24466094997402404,-0.0004626935799419607
FED_FDIC_ENFORCEMENT,Fdic Enforcement,economics,14,0,,,
FED_FDIC_FAILED_BANKS,Fdic Failed Banks,economics,4115,0,,,
FED_FEC_BULK,Fec Bulk,other,20938,183,GEO,-0.05361548099756977,-0.03136323016634037
FED_FEDERAL_REGISTER_DOCUMENTS,Federal Register Documents,governance,5000,0,,,
FED_FJC_IDB,Fjc Idb,justice,4126450,0,,,
FED_HHS_OIG_LEIE,Hhs Oig Leie,health,83464,230,STEEL,-0.02766579407029987,-0.01599119369219919
FED_HHS_TAGGS,Hhs Taggs,health,45,0,,,
FED_IRS_REVOCATION,Irs Revocation,other,1206628,23,STEEL,0.197719238332748,0.1371633954188126
FED_MAPPING_INEQUALITY,Mapping Inequality,housing,10154,6,GEO,-0.15209690694846661,-0.29747888114606397
FED_NAAG_MULTISTATE_SETTLEMENTS,Naag Multistate Settlements,justice,26,0,,,
FED_NARA_AAD,Nara Aad,history,554,0,,,
FED_NARA_WRA_AAD,Nara Wra Aad,history,36,0,,,
FED_NOAA_AIS,Noaa Ais,maritime,7296275,0,,,
FED_OFAC_SDN,Ofac Sdn,other,19115,7,PROBABILISTIC,0.053477369125005954,0.2024791071351067
FED_OYEZ,Oyez,justice,25,1,STRONG,0.42853921933690253,-0.5347297199056152
FED_REVOLVINGDOOR_PROJECT,Revolvingdoor Project,governance,409,0,,,
FED_SAM_EXCLUSIONS,Sam Exclusions,other,1000,77,GEO,-0.0629438055388658,-0.03549553840077008
FED_SCDB,Scdb,justice,83644,63,STRONG,0.23819726267502095,-0.31071767677460205
FED_SEC_EDGAR_COMPANY_TICKERS,Sec Edgar Company Tickers,economics,10414,1,STEEL,0.024437289722865976,0.43385153829485007
FED_SEC_EDGAR_FINANCIALS,Sec Edgar Financials,economics,6491,89,STEEL,-0.036424266496273686,0.15907313444605548
FED_SLAVEVOYAGES_INTRAAMERICAN,Slavevoyages Intraamerican,history,201,0,,,
FED_TREASURY_AVG_INTEREST_RATES,Treasury Avg Interest Rates,economics,4961,0,,,
FED_TREASURY_DEBT_TO_PENNY,Treasury Debt To Penny,economics,8329,0,,,
FED_USASPENDING_CONTRACTS,Usaspending Contracts,governance,6325622,114,STEEL,-0.06374858409913035,0.13465448914766903
FED_USASPENDING_SUBAWARDS,Usaspending Subawards,governance,5000,0,,,
FED_USASPENDING_TOPTIER_AGENCIES,Usaspending Toptier Agencies,governance,111,0,,,
FED_USGS_EARTHQUAKES,Usgs Earthquakes,hazards,9890,1,GEO,-0.24484861695808177,-0.6094428551527513
FED_WPA_SLAVE_NARRATIVES,Wpa Slave Narratives,history,100,0,,,
INTL_CH_ZEFIX,Ch Zefix,corporate_registry,18,0,,,
INTL_EC_SERCOP,Ec Sercop,corporate_registry,132995,0,,,
INTL_EMBER_ELEC,Ember Elec,economics,369264,0,,,
INTL_ES_BORME,Es Borme,corporate_registry,25,0,,,
INTL_GR_GEMI,Gr Gemi,corporate_registry,40,0,,,
INTL_HUDOC,Hudoc,justice,2000,0,,,
INTL_IE_CRO,Ie Cro,corporate_registry,3,0,,,
INTL_IT_ISTAT,It Istat,economics,213284,0,,,
INTL_OPENSANCTIONS,Opensanctions,other,71011,21,PROBABILISTIC,0.02027035298820931,0.13537506946196853
PORTAL_ARC_ATLANTA_DATAATLA_03DC194F2A,Atlanta Dataatla 03Dc194F2A,other,130,89,STRONG,-0.08204838278834786,-0.14976768167330493
PORTAL_ARC_ATLANTA_DATAATLA_05328F7540,Atlanta Dataatla 05328F7540,other,2000,3,STRONG,-6.698806062681174,-4.131628747292179
PORTAL_ARC_ATLANTA_DATAATLA_0F1C49C840,Atlanta Dataatla 0F1C49C840,other,598,29,STRONG,-0.25870499403484604,-0.3884531002173418
PORTAL_ARC_ATLANTA_DATAATLA_17C43E4BA3,Atlanta Dataatla 17C43E4Ba3,other,594,29,STRONG,-0.26460582065225513,-0.39238539074964435
PORTAL_ARC_ATLANTA_DATAATLA_1A7F4ADC21,Atlanta Dataatla 1A7F4Adc21,other,144,52,STRONG,-0.13433596431775358,-0.1769341172686645
PORTAL_ARC_ATLANTA_DATAATLA_32BD015354,Atlanta Dataatla 32Bd015354,other,2000,3,STRONG,-6.702483014113909,-4.103788651264388
PORTAL_ARC_ATLANTA_DATAATLA_3E1237B0E9,Atlanta Dataatla 3E1237B0E9,other,128,24,STRONG,-0.3104228338630462,-0.472961965182725
PORTAL_ARC_ATLANTA_DATAATLA_3F5DA71919,Atlanta Dataatla 3F5Da71919,other,58,77,STRONG,-0.06490931530631572,-0.13944804891319992
PORTAL_ARC_ATLANTA_DATAATLA_4AB9F9E31E,Atlanta Dataatla 4Ab9F9E31E,other,681,62,STRONG,-0.13807705494163747,-0.16500985379616562
PORTAL_ARC_ATLANTA_DATAATLA_4C51545609,Atlanta Dataatla 4C51545609,other,106,108,STRONG,-0.0856507966291554,-0.12859011171021817
PORTAL_ARC_ATLANTA_DATAATLA_51A606F539,Atlanta Dataatla 51A606F539,other,486,81,STRONG,-0.08561620384074656,0.12685520276932866
PORTAL_ARC_ATLANTA_DATAATLA_5A321B0C21,Atlanta Dataatla 5A321B0C21,other,118,24,STRONG,-0.2854155731489537,-0.47557897367176616
PORTAL_ARC_ATLANTA_DATAATLA_5ADD5EAF6A,Atlanta Dataatla 5Add5Eaf6A,other,454,106,STRONG,-0.07340658400889627,-0.13563611608629622
PORTAL_ARC_ATLANTA_DATAATLA_5D9B9C30A9,Atlanta Dataatla 5D9B9C30A9,other,14,52,STRONG,-0.09765199845392139,-0.17223533675067917
PORTAL_ARC_ATLANTA_DATAATLA_610443017C,Atlanta Dataatla 610443017C,other,780,109,STRONG,-0.0717629265798935,-0.12779709665633632
PORTAL_ARC_ATLANTA_DATAATLA_79E3C7BD36,Atlanta Dataatla 79E3C7Bd36,other,209,54,STRONG,-0.13071510196498762,-0.1500061700927866
PORTAL_ARC_ATLANTA_DATAATLA_7B1D4C8E25,Atlanta Dataatla 7B1D4C8E25,other,92,105,STRONG,-0.07999498608296816,-0.1343599308362947
PORTAL_ARC_ATLANTA_DATAATLA_7D3C4A9739,Atlanta Dataatla 7D3C4A9739,other,57,82,STRONG,-0.0887169257422994,-0.11548285836478046
PORTAL_ARC_ATLANTA_DATAATLA_7E542E6BFA,Atlanta Dataatla 7E542E6Bfa,other,20,62,STRONG,-0.10364094183158142,-0.15515738830632658
PORTAL_ARC_ATLANTA_DATAATLA_898CD032B3,Atlanta Dataatla 898Cd032B3,other,109,59,STRONG,-0.06259951109954368,-0.17030515277127078
PORTAL_ARC_ATLANTA_DATAATLA_93AA493487,Atlanta Dataatla 93Aa493487,other,280,92,STRONG,-0.07001027569103478,-0.14527359500539588
PORTAL_ARC_ATLANTA_DATAATLA_A0F4032894,Atlanta Dataatla A0F4032894,other,109,59,STRONG,-0.06036559023059822,-0.1599799723194626
PORTAL_ARC_ATLANTA_DATAATLA_A29D594B47,Atlanta Dataatla A29D594B47,other,7,39,CORROBORATED,-0.08687251945701123,-0.1773859064568052
PORTAL_ARC_ATLANTA_DATAATLA_A59DB2E766,Atlanta Dataatla A59Db2E766,other,322,54,STRONG,-0.13127529783175976,-0.1587483691021777
PORTAL_ARC_ATLANTA_DATAATLA_A6A6A74172,Atlanta Dataatla A6A6A74172,other,118,24,STRONG,-0.3022023443255187,-0.4654722791568165
PORTAL_ARC_ATLANTA_DATAATLA_A6D51869AF,Atlanta Dataatla A6D51869Af,other,128,24,STRONG,-0.3127659456726694,-0.4605421369682604
PORTAL_ARC_ATLANTA_DATAATLA_A9FA6B1C3C,Atlanta Dataatla A9Fa6B1C3C,other,35,65,STRONG,-0.0757314717161437,-0.16562985923866433
PORTAL_ARC_ATLANTA_DATAATLA_AAF9599F45,Atlanta Dataatla Aaf9599F45,other,118,24,STRONG,-0.2970674997045997,-0.4785537919967663
PORTAL_ARC_ATLANTA_DATAATLA_B9DC3DFA97,Atlanta Dataatla B9Dc3Dfa97,other,598,29,STRONG,-0.254405063062615,-0.39580516339237504
PORTAL_ARC_ATLANTA_DATAATLA_BAA69E0D06,Atlanta Dataatla Baa69E0D06,other,51,73,STRONG,-0.09533542787876531,-0.11315985389860955
PORTAL_ARC_ATLANTA_DATAATLA_BAAC9A60C4,Atlanta Dataatla Baac9A60C4,other,127,24,STRONG,-0.2904101533998178,-0.4631880957063394
PORTAL_ARC_ATLANTA_DATAATLA_C1DA9CD6A0,Atlanta Dataatla C1Da9Cd6A0,other,30,79,STRONG,-0.10167570866026948,-0.12585550973415816
PORTAL_ARC_ATLANTA_DATAATLA_CC5FA4CA01,Atlanta Dataatla Cc5Fa4Ca01,other,390,79,STRONG,-0.0949637811663171,-0.13845984902588873
PORTAL_ARC_ATLANTA_DATAATLA_CF92C66AB6,Atlanta Dataatla Cf92C66Ab6,other,515,23,STRONG,-0.030249847219624867,-0.1659025065996853
PORTAL_ARC_ATLANTA_DATAATLA_D70207FA18,Atlanta Dataatla D70207Fa18,other,2000,3,STRONG,-6.735284262611912,-4.146626774811314
PORTAL_ARC_ATLANTA_DATAATLA_D8DF9588A6,Atlanta Dataatla D8Df9588A6,other,15,3,STRONG,-6.678774746006131,-4.155642477052461
PORTAL_ARC_ATLANTA_DATAATLA_DDCDF8F47F,Atlanta Dataatla Ddcdf8F47F,other,2000,88,STRONG,-0.05621127918028414,-0.1443746204456699
PORTAL_ARC_ATLANTA_DATAATLA_DE1E9D4350,Atlanta Dataatla De1E9D4350,other,531,73,STRONG,-0.10440846063829436,0.11198360354079805
PORTAL_ARC_ATLANTA_DATAATLA_E1F71F6EE6,Atlanta Dataatla E1F71F6Ee6,other,544,109,STRONG,-0.0661283467078159,-0.13253050135588762
PORTAL_ARC_ATLANTA_DATAATLA_E2C03512E7,Atlanta Dataatla E2C03512E7,other,42,64,STRONG,-0.07195598604636108,-0.15400726009271065
PORTAL_ARC_ATLANTA_DATAATLA_E3F1BF2204,Atlanta Dataatla E3F1Bf2204,other,536,109,STRONG,-0.06489894990889339,-0.12673552402875252
PORTAL_ARC_ATLANTA_DATAATLA_EAD25CBDC7,Atlanta Dataatla Ead25Cbdc7,other,2000,17,STRONG,0.05478338508050208,0.1813688263312991
PORTAL_ARC_ATLANTA_DATAATLA_F07E02DA21,Atlanta Dataatla F07E02Da21,other,73,75,STRONG,-0.07958928056584515,-0.12711603605241453
PORTAL_ARC_ATLANTA_DATAATLA_FB2953F9B7,Atlanta Dataatla Fb2953F9B7,other,2000,74,STRONG,-0.0382444617748726,-0.11528952413061391
PORTAL_ARC_ATLANTA_DATAATLA_FD3576897B,Atlanta Dataatla Fd3576897B,other,15,54,STRONG,-0.09385979711195278,-0.15077084984958536
PORTAL_ARC_CLEVELAND_OPEN_D_590209B88B,Cleveland Open D 590209B88B,other,34,0,,,
PORTAL_ARC_COLUMBUS_GIS_OPE_8259461C2A,Columbus Gis Ope 8259461C2A,other,2000,7,STEEL,0.1921846881350543,0.0928700206149131
PORTAL_ARC_FORT_WORTH_OPEN_2259070522,Fort Worth Open 2259070522,other,19,3,STRONG,0.2918103257123801,0.28255545223041023
PORTAL_ARC_FORT_WORTH_OPEN_9F0879147A,Fort Worth Open 9F0879147A,other,2000,0,,,
PORTAL_ARC_HARRIS_COUNTY_OP_0F9C7FCB29,Harris County Op 0F9C7Fcb29,other,12,0,,,
PORTAL_ARC_HARRIS_COUNTY_OP_119B70555B,Harris County Op 119B70555B,other,74,0,,,
PORTAL_ARC_HARRIS_COUNTY_OP_12691A85A0,Harris County Op 12691A85A0,other,38,53,CORROBORATED,-0.12440220341612061,-0.022175335912033946
PORTAL_ARC_HARRIS_COUNTY_OP_167EC31B95,Harris County Op 167Ec31B95,other,96,75,CORROBORATED,-0.10673186103787197,-0.021248741060908766
PORTAL_ARC_HARRIS_COUNTY_OP_183E778C9D,Harris County Op 183E778C9D,other,292,91,STRONG,-0.11732900022131681,-0.05796259122161734
PORTAL_ARC_HARRIS_COUNTY_OP_1966AC023B,Harris County Op 1966Ac023B,other,55,59,CORROBORATED,-0.14818254151680527,0.006784842466326305
PORTAL_ARC_HARRIS_COUNTY_OP_19FE875D1D,Harris County Op 19Fe875D1D,other,35,64,CORROBORATED,-0.1315379990184896,-0.028190665546952223
PORTAL_ARC_HARRIS_COUNTY_OP_1A53499962,Harris County Op 1A53499962,other,372,81,STRONG,-0.140413331392484,-0.017576291420175732
PORTAL_ARC_HARRIS_COUNTY_OP_1BA6E8027E,Harris County Op 1Ba6E8027E,other,27,3,STRONG,0.19463946163395734,0.36386459259235454
PORTAL_ARC_HARRIS_COUNTY_OP_1F4D98F329,Harris County Op 1F4D98F329,other,1143,40,STRONG,-0.1779325599877315,-0.13090732844077624
PORTAL_ARC_HARRIS_COUNTY_OP_2718B3279A,Harris County Op 2718B3279A,other,77,95,CORROBORATED,-0.09911200530955856,-0.016678055004275237
PORTAL_ARC_HARRIS_COUNTY_OP_28CF881303,Harris County Op 28Cf881303,other,13,68,STRONG,-0.12088435804453647,0.019183623604176685
PORTAL_ARC_HARRIS_COUNTY_OP_2A7A02B1E2,Harris County Op 2A7A02B1E2,other,14,14,STRONG,-0.4770811811135081,0.30552117006282126
PORTAL_ARC_HARRIS_COUNTY_OP_2D6F9D0DA7,Harris County Op 2D6F9D0Da7,other,2000,35,STRONG,-0.05398281272706911,-0.009591277392535631
PORTAL_ARC_HARRIS_COUNTY_OP_32D5FF05CA,Harris County Op 32D5Ff05Ca,other,100,12,STRONG,-0.3665639628900549,0.23469681711794388
PORTAL_ARC_HARRIS_COUNTY_OP_3304C540B7,Harris County Op 3304C540B7,other,645,40,STRONG,-0.18978268538334095,-0.12403952665925264
PORTAL_ARC_HARRIS_COUNTY_OP_33A3918C80,Harris County Op 33A3918C80,other,363,65,CORROBORATED,-0.14855001985044716,-0.0007315182207027053
PORTAL_ARC_HARRIS_COUNTY_OP_360277F8CB,Harris County Op 360277F8Cb,other,2,0,,,
PORTAL_ARC_HARRIS_COUNTY_OP_374D2E791F,Harris County Op 374D2E791F,other,77,95,CORROBORATED,-0.09892411594356056,-0.012679891140393395
PORTAL_ARC_HARRIS_COUNTY_OP_3CFE4113ED,Harris County Op 3Cfe4113Ed,other,2,0,,,
PORTAL_ARC_HARRIS_COUNTY_OP_3E1426DF10,Harris County Op 3E1426Df10,other,372,81,STRONG,-0.14620022266828994,-0.02130426323359627
PORTAL_ARC_HARRIS_COUNTY_OP_3E1A188E92,Harris County Op 3E1A188E92,other,642,106,CORROBORATED,-0.08817932903389095,-0.008927465744972841
PORTAL_ARC_HARRIS_COUNTY_OP_3E3BFD2059,Harris County Op 3E3Bfd2059,other,254,22,STRONG,-0.397060421952014,0.2346487240404243
PORTAL_ARC_HARRIS_COUNTY_OP_41FBA6BF22,Harris County Op 41Fba6Bf22,other,15,12,STRONG,-0.5291672814775682,0.34005292139342413
PORTAL_ARC_HARRIS_COUNTY_OP_4E0F396A33,Harris County Op 4E0F396A33,other,755,6,GEO,-0.1712803813626274,-0.1644532989302374
PORTAL_ARC_HARRIS_COUNTY_OP_4F19F66C45,Harris County Op 4F19F66C45,other,56,63,CORROBORATED,-0.09083929823132657,-0.027373627307634058
PORTAL_ARC_HARRIS_COUNTY_OP_510B4A2AB2,Harris County Op 510B4A2Ab2,other,924,93,STRONG,-0.09206282776980232,-0.03949802476348866
PORTAL_ARC_HARRIS_COUNTY_OP_52229E2E24,Harris County Op 52229E2E24,other,488,34,STRONG,-0.19114860772248748,-0.1366009805593317
PORTAL_ARC_HARRIS_COUNTY_OP_58FAB3B4F7,Harris County Op 58Fab3B4F7,other,1022,14,STRONG,-0.5004054158172266,0.3273418092070083
PORTAL_ARC_HARRIS_COUNTY_OP_5AB72D4A23,Harris County Op 5Ab72D4A23,other,526,18,STEEL,-0.11902935523363573,-0.08977525056263319
PORTAL_ARC_HARRIS_COUNTY_OP_6133483DE0,Harris County Op 6133483De0,other,67,46,GEO,-0.13451400497864915,-0.049679487718328974
PORTAL_ARC_HARRIS_COUNTY_OP_619A8F0A78,Harris County Op 619A8F0A78,other,642,106,CORROBORATED,-0.08573062908505076,-0.00839107036330855
PORTAL_ARC_HARRIS_COUNTY_OP_6529979A2A,Harris County Op 6529979A2A,other,214,99,STRONG,-0.11357720518006414,-0.050992798629072356
PORTAL_ARC_HARRIS_COUNTY_OP_672C54ADB5,Harris County Op 672C54Adb5,other,1574,92,STRONG,-0.09684295889641889,-0.03164214209652205
PORTAL_ARC_HARRIS_COUNTY_OP_6CDCF96CA7,Harris County Op 6Cdcf96Ca7,other,34,86,STRONG,-0.0849695859055623,0.005156175956041117
PORTAL_ARC_HARRIS_COUNTY_OP_78806A4CF7,Harris County Op 78806A4Cf7,other,35,64,CORROBORATED,-0.1288478545481435,-0.015404064961016328
PORTAL_ARC_HARRIS_COUNTY_OP_795533139C,Harris County Op 795533139C,other,100,12,STRONG,-0.3556122948130573,0.24393865811070492
PORTAL_ARC_HARRIS_COUNTY_OP_8549EC1226,Harris County Op 8549Ec1226,other,1464,99,STRONG,-0.16159724301596334,0.02142773787318966
PORTAL_ARC_HARRIS_COUNTY_OP_86AE12CFC0,Harris County Op 86Ae12Cfc0,other,1128,57,STEEL,-0.1104209675610064,0.0033593096752444814
PORTAL_ARC_HARRIS_COUNTY_OP_87F4853C1A,Harris County Op 87F4853C1A,other,30,84,STRONG,-0.08156390168003169,0.01445130955240102
PORTAL_ARC_HARRIS_COUNTY_OP_89477F0032,Harris County Op 89477F0032,other,1022,14,STRONG,-0.4923830077802088,0.3396384459723415
PORTAL_ARC_HARRIS_COUNTY_OP_8CE538DBE3,Harris County Op 8Ce538Dbe3,other,2000,7,STRONG,-0.4044897593310993,0.2957612032252764
PORTAL_ARC_HARRIS_COUNTY_OP_A2C8055EFB,Harris County Op A2C8055Efb,other,2000,113,STRONG,-0.07920221396297453,-0.05019030639715227
PORTAL_ARC_HARRIS_COUNTY_OP_A2DAE85C30,Harris County Op A2Dae85C30,other,38,53,CORROBORATED,-0.13784343507192245,-0.038934035828574506
PORTAL_ARC_HARRIS_COUNTY_OP_A35053AC76,Harris County Op A35053Ac76,other,38,11,STRONG,-0.34879300176312966,0.2157917416962239
PORTAL_ARC_HARRIS_COUNTY_OP_A5E2395522,Harris County Op A5E2395522,other,13,68,STRONG,-0.12567723598000866,0.016925570399867
PORTAL_ARC_HARRIS_COUNTY_OP_B7635629A1,Harris County Op B7635629A1,other,2000,10,STRONG,-0.5255130087609974,0.3206089327595571
PORTAL_ARC_HARRIS_COUNTY_OP_B86519B42D,Harris County Op B86519B42D,other,2000,113,STRONG,-0.08062940490665667,-0.05355089196385913
PORTAL_ARC_HARRIS_COUNTY_OP_BEF7C03176,Harris County Op Bef7C03176,other,755,72,CORROBORATED,-0.10894381951509911,-0.03130052077153251
PORTAL_ARC_HARRIS_COUNTY_OP_C23DC4BAF8,Harris County Op C23Dc4Baf8,other,782,17,STRONG,-0.46542911376954893,0.31270841268390864
PORTAL_ARC_HARRIS_COUNTY_OP_CAF5C156E3,Harris County Op Caf5C156E3,other,526,88,STEEL,-0.08371352301329718,-0.024710939377131508
PORTAL_ARC_HARRIS_COUNTY_OP_CB850CC4B0,Harris County Op Cb850Cc4B0,other,356,60,CORROBORATED,-0.16425008138181707,0.04156666902239254
PORTAL_ARC_HARRIS_COUNTY_OP_CBD49C80E4,Harris County Op Cbd49C80E4,other,513,49,STEEL,-0.06468128245359778,-0.04928474855415916
PORTAL_ARC_HARRIS_COUNTY_OP_D044517CB3,Harris County Op D044517Cb3,other,712,44,STRONG,-0.15661592781177996,-0.11993858623287472
PORTAL_ARC_HARRIS_COUNTY_OP_D048520A99,Harris County Op D048520A99,other,254,22,STRONG,-0.38979840139872723,0.23923810525476996
PORTAL_ARC_HARRIS_COUNTY_OP_D1EB790FBD,Harris County Op D1Eb790Fbd,other,363,65,CORROBORATED,-0.15571984538351905,-0.006570209673792399
PORTAL_ARC_HARRIS_COUNTY_OP_D248A81CD8,Harris County Op D248A81Cd8,other,2000,40,STRONG,-0.19540786543525215,-0.11152077198731668
PORTAL_ARC_HARRIS_COUNTY_OP_D354D2D6E2,Harris County Op D354D2D6E2,other,257,40,STRONG,-0.18381445084487497,-0.1173336690400629
PORTAL_ARC_HARRIS_COUNTY_OP_D53D8CC5D8,Harris County Op D53D8Cc5D8,other,924,93,STRONG,-0.09509688281723296,-0.03971837678567834
PORTAL_ARC_HARRIS_COUNTY_OP_D8CF46061B,Harris County Op D8Cf46061B,other,1017,15,STRONG,-0.48753849911135805,0.351797702022488
PORTAL_ARC_HARRIS_COUNTY_OP_D9A3089ED0,Harris County Op D9A3089Ed0,other,125,62,STRONG,-0.12130312004991564,-0.03448267916199095
PORTAL_ARC_HARRIS_COUNTY_OP_E68ADDC07C,Harris County Op E68Addc07C,other,33,5,STRONG,-0.5476082259155053,0.31447539198004526
PORTAL_ARC_HARRIS_COUNTY_OP_E87E81379A,Harris County Op E87E81379A,other,34,86,STRONG,-0.07717900209687456,0.006837834495403832
PORTAL_ARC_HARRIS_COUNTY_OP_EA34BDDB5D,Harris County Op Ea34Bddb5D,other,13,68,STRONG,-0.12622487563281168,0.010606008942343814
PORTAL_ARC_HARRIS_COUNTY_OP_EDE1E11F9D,Harris County Op Ede1E11F9D,other,386,64,STRONG,-0.15922130448406582,0.012263355799111482
PORTAL_ARC_HARRIS_COUNTY_OP_F22D53C24D,Harris County Op F22D53C24D,other,56,63,CORROBORATED,-0.08941517397463782,-0.03007774192282767
PORTAL_ARC_HARRIS_COUNTY_OP_F3D3A3AB57,Harris County Op F3D3A3Ab57,other,125,62,STRONG,-0.1204826180143429,-0.027086047516277186
PORTAL_ARC_HARRIS_COUNTY_OP_F9118D0DEE,Harris County Op F9118D0Dee,other,1164,30,STRONG,-0.33823329355352666,0.1827783289505408
PORTAL_ARC_HARRIS_COUNTY_OP_FA9969D82E,Harris County Op Fa9969D82E,other,1128,57,STEEL,-0.10727407685860282,-0.0018968212556659874
PORTAL_ARC_HARRIS_COUNTY_OP_FB6331E67A,Harris County Op Fb6331E67A,other,805,79,STRONG,-0.07876132052578722,-0.06739216700188003
PORTAL_ARC_HARRIS_COUNTY_OP_FCFE62D3BE,Harris County Op Fcfe62D3Be,other,18,14,STRONG,-0.5128940665942092,0.3508478460672291
PORTAL_ARC_HARRIS_COUNTY_OP_FE2134F2C8,Harris County Op Fe2134F2C8,other,526,88,STEEL,-0.08926932325990072,-0.02368721907010787
PORTAL_ARC_KENTUCKY_OPEN_GI_100DA931EB,Kentucky Open Gi 100Da931Eb,other,1971,157,STRONG,-0.2222548462166369,0.10585827473268965
PORTAL_ARC_KENTUCKY_OPEN_GI_23E8E1668C,Kentucky Open Gi 23E8E1668C,other,2000,85,STRONG,-0.12143314394800914,0.12714474488493221
PORTAL_ARC_KENTUCKY_OPEN_GI_2A1893FE0B,Kentucky Open Gi 2A1893Fe0B,other,2000,17,STRONG,-0.17990028923173768,0.09576762018082277
PORTAL_ARC_LA_COUNTY_OPEN_D_0A94DB308E,La County Open D 0A94Db308E,other,93,76,STEEL,0.03262544656717884,-0.02744627001105788
PORTAL_ARC_LA_COUNTY_OPEN_D_108A1E6982,La County Open D 108A1E6982,other,365,95,STRONG,0.0016421226126089343,-0.0534015543529774
PORTAL_ARC_LA_COUNTY_OPEN_D_1632A8E413,La County Open D 1632A8E413,other,12,45,STRONG,0.03750858047840413,-0.06326547059430736
PORTAL_ARC_LA_COUNTY_OPEN_D_18EE361084,La County Open D 18Ee361084,other,126,54,CORROBORATED,0.027240122241830048,-0.07027464536696924
PORTAL_ARC_LA_COUNTY_OPEN_D_1A6706943D,La County Open D 1A6706943D,other,2000,67,STEEL,0.020435738859768585,-0.02208061382790706
PORTAL_ARC_LA_COUNTY_OPEN_D_1EDD056661,La County Open D 1Edd056661,other,2000,88,STEEL,0.013825337568888782,-0.036320220806317076
PORTAL_ARC_LA_COUNTY_OPEN_D_2E79EB67C8,La County Open D 2E79Eb67C8,other,2000,81,STRONG,-0.032671638805495645,0.04224120419417638
PORTAL_ARC_LA_COUNTY_OPEN_D_3D07EB80AC,La County Open D 3D07Eb80Ac,other,1355,90,CORROBORATED,-0.007007585169955891,-0.054596647888196514
PORTAL_ARC_LA_COUNTY_OPEN_D_460F3F619B,La County Open D 460F3F619B,other,366,12,STRONG,0.051586208898854735,0.10044988061797773
PORTAL_ARC_LA_COUNTY_OPEN_D_464355F6D4,La County Open D 464355F6D4,other,6,37,CORROBORATED,0.041713431935994756,-0.059457547301215344
PORTAL_ARC_LA_COUNTY_OPEN_D_501C20229C,La County Open D 501C20229C,other,1247,7,CORROBORATED,0.2079973676157687,0.05705268839128859
PORTAL_ARC_LA_COUNTY_OPEN_D_58A85AED74,La County Open D 58A85Aed74,other,2,0,,,
PORTAL_ARC_LA_COUNTY_OPEN_D_5AB83C24A0,La County Open D 5Ab83C24A0,other,225,17,CORROBORATED,0.09804995342087726,-0.060278348704472275
PORTAL_ARC_LA_COUNTY_OPEN_D_6DF63A4983,La County Open D 6Df63A4983,other,187,22,STEEL,0.08412301611898994,-0.03908593585104574
PORTAL_ARC_LA_COUNTY_OPEN_D_6F0FCB8A75,La County Open D 6F0Fcb8A75,other,411,89,CORROBORATED,-0.011282317280058619,-0.06163250915663517
PORTAL_ARC_LA_COUNTY_OPEN_D_73B029DCD6,La County Open D 73B029Dcd6,other,1801,74,CORROBORATED,-0.0155128023270352,-0.07280235783341735
PORTAL_ARC_LA_COUNTY_OPEN_D_7528D085CE,La County Open D 7528D085Ce,other,329,75,CORROBORATED,-0.0016693652567166548,-0.03864727618821414
PORTAL_ARC_LA_COUNTY_OPEN_D_75836D970C,La County Open D 75836D970C,other,2000,149,STRONG,-0.06424137336687329,0.06312099738467744
PORTAL_ARC_LA_COUNTY_OPEN_D_83F0BA30FB,La County Open D 83F0Ba30Fb,other,5,1,STEEL,0.42779819004679404,0.09032264799366327
PORTAL_ARC_LA_COUNTY_OPEN_D_86C98732BB,La County Open D 86C98732Bb,other,146,81,STRONG,0.0082140554286241,-0.053678424676677765
PORTAL_ARC_LA_COUNTY_OPEN_D_90F6889981,La County Open D 90F6889981,other,212,58,CORROBORATED,0.025403285554821072,-0.046767670929770605
PORTAL_ARC_LA_COUNTY_OPEN_D_92CD102DA7,La County Open D 92Cd102Da7,other,777,21,CORROBORATED,0.07333785099176669,-0.06882601537083628
PORTAL_ARC_LA_COUNTY_OPEN_D_92EFBD96E7,La County Open D 92Efbd96E7,other,126,68,CORROBORATED,0.014787062303933979,-0.04219518283584417
PORTAL_ARC_LA_COUNTY_OPEN_D_A77E98386F,La County Open D A77E98386F,other,2000,104,STRONG,-0.0014123447033771138,-0.06711257039048876
PORTAL_ARC_LA_COUNTY_OPEN_D_AD0B3DB8CD,La County Open D Ad0B3Db8Cd,other,22,58,CORROBORATED,0.0346710417384372,-0.05807329003519318
PORTAL_ARC_LA_COUNTY_OPEN_D_D75E8EA051,La County Open D D75E8Ea051,other,385,132,STRONG,-0.06711554703878572,0.07022938072466833
PORTAL_ARC_LA_COUNTY_OPEN_D_E034245E05,La County Open D E034245E05,other,8,1,STEEL,0.41993371782547073,0.12510878151205612
PORTAL_ARC_LA_COUNTY_OPEN_D_E549C7C921,La County Open D E549C7C921,other,76,39,CORROBORATED,0.010493718222467429,-0.010173086886752563
PORTAL_ARC_LA_COUNTY_OPEN_D_E59BD7CF06,La County Open D E59Bd7Cf06,other,659,88,CORROBORATED,0.0079681472681352,-0.058979079735227265
PORTAL_ARC_LA_COUNTY_OPEN_D_E68DDAB268,La County Open D E68Ddab268,other,167,68,CORROBORATED,0.011486266243614868,-0.07197602394947852
PORTAL_ARC_LA_COUNTY_OPEN_D_E6A4C1D69B,La County Open D E6A4C1D69B,other,2000,140,STRONG,-0.048384752943132575,-0.029910064078463493
PORTAL_ARC_LA_COUNTY_OPEN_D_E85041E063,La County Open D E85041E063,other,1818,93,CORROBORATED,-0.004274325500262087,-0.07068663882863635
PORTAL_ARC_LA_COUNTY_OPEN_D_F6444997FA,La County Open D F6444997Fa,other,111,63,CORROBORATED,0.007355470733225521,-0.038059703374805194
PORTAL_ARC_LOUISVILLE_OPEN_0574425F4F,Louisville Open 0574425F4F,other,17,67,STRONG,-0.3155854662185913,0.06429591438767078
PORTAL_ARC_LOUISVILLE_OPEN_4654B3D9BA,Louisville Open 4654B3D9Ba,other,2000,8,PROBABILISTIC,0.12093955450894577,0.13612083928130897
PORTAL_ARC_LOUISVILLE_OPEN_733584A9A0,Louisville Open 733584A9A0,other,11,0,,,
PORTAL_ARC_LOUISVILLE_OPEN_B5DAB97E2B,Louisville Open B5Dab97E2B,other,2000,48,STRONG,-0.05974812493509145,0.029200903916063375
PORTAL_ARC_LOUISVILLE_OPEN_E92145C6D2,Louisville Open E92145C6D2,other,18,67,STRONG,-0.31904420867553007,0.05910957846365237
PORTAL_ARC_LOUISVILLE_OPEN_F2B7CA4B76,Louisville Open F2B7Ca4B76,other,2000,0,,,
PORTAL_ARC_MARICOPA_COUNTY_55B91E4BD1,Maricopa County 55B91E4Bd1,other,821,2,STRONG,-0.17860207719201698,-0.34666337362391725
PORTAL_ARC_MARICOPA_COUNTY_91150B6A88,Maricopa County 91150B6A88,other,195,2,STRONG,-0.15210256604558334,-0.37203972504058774
PORTAL_ARC_MEMPHIS_OPEN_DAT_3057D84002,Memphis Open Dat 3057D84002,other,1537,0,,,
PORTAL_ARC_MEMPHIS_OPEN_DAT_47C4A90FEA,Memphis Open Dat 47C4A90Fea,other,196,0,,,
PORTAL_ARC_MEMPHIS_OPEN_DAT_9F6F4B2736,Memphis Open Dat 9F6F4B2736,other,2000,3,PROBABILISTIC,-0.37724490353034096,-0.35619468161448586
PORTAL_ARC_MEMPHIS_OPEN_DAT_C9E8070496,Memphis Open Dat C9E8070496,other,1049,0,,,
PORTAL_ARC_MEMPHIS_OPEN_DAT_D0AE25BC24,Memphis Open Dat D0Ae25Bc24,other,1848,0,,,
PORTAL_ARC_NEW_HAMPSHIRE_GE_6731F28D87,New Hampshire Ge 6731F28D87,other,2000,0,,,
PORTAL_ARC_NEW_MEXICO_OPEN_1B6C7F7FBD,New Mexico Open 1B6C7F7Fbd,other,32,8,GEO,-0.029966398859456813,-0.20146880891533414
PORTAL_ARC_NEW_MEXICO_OPEN_3382D9F21E,New Mexico Open 3382D9F21E,other,2000,9,STRONG,-0.13414334744008455,0.2899573975241408
PORTAL_ARC_NEW_MEXICO_OPEN_6E34862F8D,New Mexico Open 6E34862F8D,other,2000,9,STRONG,-0.11248633863646922,0.2946228848852672
PORTAL_ARC_NEW_MEXICO_OPEN_7DE8F482F1,New Mexico Open 7De8F482F1,other,1062,4,GEO,-0.03223176963380756,-0.28069231769566383
PORTAL_ARC_NEW_MEXICO_OPEN_FC7AADE1B3,New Mexico Open Fc7Aade1B3,other,2000,4,STRONG,-0.0009247827802255108,0.40766807095155166
PORTAL_ARC_OPEN_BALTIMORE_6C2257F1C4,Open Baltimore 6C2257F1C4,other,21,19,STEEL,0.06120020402403546,-0.03629801561502395
PORTAL_ARC_OPEN_BALTIMORE_751D91C991,Open Baltimore 751D91C991,other,62,36,CORROBORATED,0.018207893821456836,0.0017975836631951726
PORTAL_ARC_OPEN_DATA_DC_008BA480F6,Open Data Dc 008Ba480F6,other,1915,3,PROBABILISTIC,0.2844654834659936,0.1018692684515139
PORTAL_ARC_OPEN_DATA_DC_01F2D9886C,Open Data Dc 01F2D9886C,other,437,3,PROBABILISTIC,0.28076838044350777,0.1247484688363449
PORTAL_ARC_OPEN_DATA_DC_32AD83D2EC,Open Data Dc 32Ad83D2Ec,other,2000,11,PROBABILISTIC,0.1475968037062416,0.046393672261351195
PORTAL_ARC_OPEN_DATA_DC_43DCBD8BE3,Open Data Dc 43Dcbd8Be3,other,2000,25,CORROBORATED,0.09162301101269789,0.03751730734130957
PORTAL_ARC_OPEN_DATA_DC_454981B380,Open Data Dc 454981B380,other,2,0,,,
PORTAL_ARC_OPEN_DATA_DC_56C4F04CF0,Open Data Dc 56C4F04Cf0,other,9,0,,,
PORTAL_ARC_OPEN_DATA_DC_582A28D212,Open Data Dc 582A28D212,other,46,72,STRONG,-0.050416356358251785,0.07739829073778125
PORTAL_ARC_OPEN_DATA_DC_59913164D2,Open Data Dc 59913164D2,other,2000,1,STEEL,-6.229395257999869,5.407617404006789
PORTAL_ARC_OPEN_DATA_DC_5B867C795C,Open Data Dc 5B867C795C,other,133,0,,,
PORTAL_ARC_OPEN_DATA_DC_5CB81ACBDD,Open Data Dc 5Cb81Acbdd,other,8,44,STRONG,-0.022733472982273583,0.0813979451983705
PORTAL_ARC_OPEN_DATA_DC_74D9616143,Open Data Dc 74D9616143,other,2000,1,STEEL,-6.303219150071033,5.471826310016585
PORTAL_ARC_OPEN_DATA_DC_8C6EF16235,Open Data Dc 8C6Ef16235,other,204,0,,,
PORTAL_ARC_OPEN_DATA_DC_98319AB13D,Open Data Dc 98319Ab13D,other,2,0,,,
PORTAL_ARC_OPEN_DATA_DC_9A20CE1FC5,Open Data Dc 9A20Ce1Fc5,other,2000,0,,,
PORTAL_ARC_OPEN_DATA_DC_ADF4F0E413,Open Data Dc Adf4F0E413,other,2000,61,CORROBORATED,0.03268100673785482,0.06775705848304787
PORTAL_ARC_OPEN_DATA_DC_B1DAECCB1B,Open Data Dc B1Daeccb1B,other,83,24,STRONG,0.056899951590446946,0.04829926010192726
PORTAL_ARC_OPEN_DATA_DC_D359158BC8,Open Data Dc D359158Bc8,other,733,31,STRONG,0.050318285067980036,-0.019962984554278456
PORTAL_ARC_OPEN_DATA_DC_D74755206A,Open Data Dc D74755206A,other,1058,15,STRONG,0.07182823049438605,0.20287435311516544
PORTAL_ARC_OPEN_DATA_DC_D8E55D5B7F,Open Data Dc D8E55D5B7F,other,133,0,,,
PORTAL_ARC_OPEN_DATA_DC_E1DD5D3551,Open Data Dc E1Dd5D3551,other,11,16,GEO,0.08269226766585064,0.002364089306968428
PORTAL_ARC_OPEN_DATA_DC_E28C8C471A,Open Data Dc E28C8C471A,other,83,24,STRONG,0.054849741325841084,0.033982365852025215
PORTAL_ARC_OPEN_DATA_DC_F37F5DDC3D,Open Data Dc F37F5Ddc3D,other,40,64,STRONG,-0.053794381657134516,0.07030814797435422
PORTAL_ARC_OPEN_DATA_HARTFO_8A24EA33E4,Open Data Hartfo 8A24Ea33E4,other,2000,56,STRONG,-0.03618862326017913,-0.051974389201132995
PORTAL_ARC_OPEN_DATA_MINNEA_0426858DFE,Open Data Minnea 0426858Dfe,other,110,12,GEO,0.0005280202346502755,-0.11172884611715507
PORTAL_ARC_OPEN_DATA_MINNEA_09E3680FD2,Open Data Minnea 09E3680Fd2,other,2000,0,,,
PORTAL_ARC_OPEN_DATA_MINNEA_1AD7E106E4,Open Data Minnea 1Ad7E106E4,other,2000,0,,,
PORTAL_ARC_OPEN_DATA_MINNEA_4C5820FD0A,Open Data Minnea 4C5820Fd0A,other,2000,0,,,
PORTAL_ARC_OPEN_DATA_MINNEA_5381AC03F1,Open Data Minnea 5381Ac03F1,other,2000,66,STRONG,-0.018982820483787854,0.02951211489561853
PORTAL_ARC_OPEN_DATA_MINNEA_5605A903BD,Open Data Minnea 5605A903Bd,other,39,12,GEO,-0.016761586363540942,-0.12527612763284318
PORTAL_ARC_OPEN_DATA_MINNEA_5AC94C44DA,Open Data Minnea 5Ac94C44Da,other,2000,0,,,
PORTAL_ARC_OPEN_DATA_MINNEA_6CDCE692AA,Open Data Minnea 6Cdce692Aa,other,2000,0,,,
PORTAL_ARC_OPEN_DATA_MINNEA_7C8C54BD8C,Open Data Minnea 7C8C54Bd8C,other,2000,0,,,
PORTAL_ARC_OPEN_DATA_MINNEA_7EFDCA0423,Open Data Minnea 7Efdca0423,other,2000,0,,,
PORTAL_ARC_OPEN_DATA_MINNEA_BD6A1CACBB,Open Data Minnea Bd6A1Cacbb,other,2000,0,,,
PORTAL_ARC_OPEN_DATA_MINNEA_BE5550EBF6,Open Data Minnea Be5550Ebf6,other,2000,0,,,
PORTAL_ARC_OPEN_DATA_MINNEA_D808F6BF62,Open Data Minnea D808F6Bf62,other,25,12,GEO,-0.10984416242808469,-0.10646055801245796
PORTAL_ARC_OPEN_DATA_MINNEA_F87FF14B56,Open Data Minnea F87Ff14B56,other,1340,107,STRONG,-0.08530946422196195,0.0836639310777116
PORTAL_ARC_OPEN_DATA_RALEIG_5E5B26DC88,Open Data Raleig 5E5B26Dc88,other,375,8,PROBABILISTIC,0.07505117840104007,0.18871492996014994
PORTAL_ARC_OPEN_DATA_RALEIG_67EFBAC9DD,Open Data Raleig 67Efbac9Dd,other,88,57,STRONG,-0.07664834437383075,0.08089387873670606
PORTAL_ARC_OPEN_DATA_RALEIG_8EE851C810,Open Data Raleig 8Ee851C810,other,2000,49,STRONG,0.02645775206950541,0.027687441874588176
PORTAL_ARC_OPEN_DATA_RALEIG_BBF9ABCA0D,Open Data Raleig Bbf9Abca0D,other,1877,31,STRONG,0.01645019393162916,0.02244291298037891
PORTAL_ARC_OPEN_DATA_RALEIG_DF19DCBB03,Open Data Raleig Df19Dcbb03,other,2000,49,STRONG,0.033882489715883805,0.02428721100842699
PORTAL_ARC_OPEN_DATA_RALEIG_E6D57DA26D,Open Data Raleig E6D57Da26D,other,334,4,STRONG,0.19380170232951355,0.26132977528422563
PORTAL_ARC_OPEN_DATA_RALEIG_EFBB617010,Open Data Raleig Efbb617010,other,2000,53,STRONG,0.009119736386026416,0.039573339358265416
PORTAL_ARC_OPEN_DATA_RALEIG_F18F09F22F,Open Data Raleig F18F09F22F,other,2,0,,,
PORTAL_ARC_ORANGE_COUNTY_OP_05390F8D55,Orange County Op 05390F8D55,other,184,18,STRONG,-0.22864615218126705,0.43345725215220854
PORTAL_ARC_ORANGE_COUNTY_OP_0DEA033879,Orange County Op 0Dea033879,other,54,18,STRONG,-0.15917933599655745,0.3360188995690283
PORTAL_ARC_ORANGE_COUNTY_OP_1A50E60D53,Orange County Op 1A50E60D53,other,13,4,PROBABILISTIC,-0.25867969908010047,0.6000034030930671
PORTAL_ARC_ORANGE_COUNTY_OP_27452024DB,Orange County Op 27452024Db,other,59,4,PROBABILISTIC,-0.28554345770065964,0.3458892084202936
PORTAL_ARC_ORANGE_COUNTY_OP_2F4310B675,Orange County Op 2F4310B675,other,31,13,CORROBORATED,-0.2109902588280249,0.02668735580553809
PORTAL_ARC_ORANGE_COUNTY_OP_3A2A7267D1,Orange County Op 3A2A7267D1,other,33,7,CORROBORATED,-0.23743970731073968,0.5424737611162573
PORTAL_ARC_ORANGE_COUNTY_OP_41E4E2185F,Orange County Op 41E4E2185F,other,66,24,STRONG,-0.17756747986407434,0.1564562048444984
PORTAL_ARC_ORANGE_COUNTY_OP_43A1FE3FBE,Orange County Op 43A1Fe3Fbe,other,161,31,STRONG,-0.17298736234922324,0.13164896559525852
PORTAL_ARC_ORANGE_COUNTY_OP_572F3C6271,Orange County Op 572F3C6271,other,10,4,PROBABILISTIC,-0.2935376356292466,0.38737122655654144
PORTAL_ARC_ORANGE_COUNTY_OP_5E4098F260,Orange County Op 5E4098F260,other,63,1,PROBABILISTIC,-0.31520218012589635,0.6857593608816649
PORTAL_ARC_ORANGE_COUNTY_OP_62E4574F5E,Orange County Op 62E4574F5E,other,9,9,CORROBORATED,-0.12993462787028365,0.2894665557796474
PORTAL_ARC_ORANGE_COUNTY_OP_644FB9535B,Orange County Op 644Fb9535B,other,9,4,PROBABILISTIC,-0.1773292160410288,0.488034419881997
PORTAL_ARC_ORANGE_COUNTY_OP_6BAA47A46B,Orange County Op 6Baa47A46B,other,33,4,PROBABILISTIC,-0.2308533019155528,0.5879777668447795
PORTAL_ARC_ORANGE_COUNTY_OP_75EFFF54D5,Orange County Op 75Efff54D5,other,59,8,CORROBORATED,-0.25575620736721266,0.28333680109937553
PORTAL_ARC_ORANGE_COUNTY_OP_8C9550F9C6,Orange County Op 8C9550F9C6,other,13,7,CORROBORATED,-0.2632467294901314,0.5482520774110444
PORTAL_ARC_ORANGE_COUNTY_OP_A69A248695,Orange County Op A69A248695,other,10,4,PROBABILISTIC,-0.31579431643858596,0.3764525867539578
PORTAL_ARC_ORANGE_COUNTY_OP_BFABCC10A2,Orange County Op Bfabcc10A2,other,72,8,CORROBORATED,-0.17378310147552417,0.2703136335403272
PORTAL_ARC_ORANGE_COUNTY_OP_DD64A3F2B8,Orange County Op Dd64A3F2B8,other,31,13,CORROBORATED,-0.20750434291808606,0.039912818759044386
PORTAL_ARC_ORANGE_COUNTY_OP_EA54EC8366,Orange County Op Ea54Ec8366,other,72,8,CORROBORATED,-0.15748871156560867,0.2772563283156684
PORTAL_ARC_TN_DATA_TENNESSE_32A03713CF,Tn Data Tennesse 32A03713Cf,other,2000,9,STRONG,-0.2062281319091438,-0.188902880649898
PORTAL_ARC_TN_DATA_TENNESSE_6321C469FE,Tn Data Tennesse 6321C469Fe,other,2000,10,STRONG,-0.2298611713530308,-0.2290178910901708
PORTAL_ARC_TN_DATA_TENNESSE_655F6BCC6D,Tn Data Tennesse 655F6Bcc6D,other,500,47,STRONG,-0.02199989427725504,-0.11526734253939272
PORTAL_ARC_TN_DATA_TENNESSE_A88FF7D84F,Tn Data Tennesse A88Ff7D84F,other,2000,10,STRONG,-0.24191537803246063,-0.2205080312110661
PORTAL_ARC_TN_DATA_TENNESSE_B3E1127384,Tn Data Tennesse B3E1127384,other,2000,17,STRONG,-0.23033385796919548,-0.15044145290254862
PORTAL_ARC_TUCSON_OPEN_DATA_057C5355E3,Tucson Open Data 057C5355E3,other,2000,83,GEO,0.24897145816041955,-0.2822252420228697
PORTAL_ARC_TUCSON_OPEN_DATA_0697237A35,Tucson Open Data 0697237A35,other,1958,112,STRONG,0.24341209178504603,-0.24076135807797766
PORTAL_ARC_TUCSON_OPEN_DATA_080C2334EE,Tucson Open Data 080C2334Ee,other,17,39,STRONG,0.10763865386371987,-0.20140245348612099
PORTAL_ARC_TUCSON_OPEN_DATA_0F83B7C628,Tucson Open Data 0F83B7C628,other,142,77,STRONG,0.2606858129300193,-0.29796864776651216
PORTAL_ARC_TUCSON_OPEN_DATA_1073539FE2,Tucson Open Data 1073539Fe2,other,41,81,STRONG,0.15182380027368228,-0.23245744636164362
PORTAL_ARC_TUCSON_OPEN_DATA_11050C025B,Tucson Open Data 11050C025B,other,8,16,STRONG,0.2770830907557092,-0.36330732623771295
PORTAL_ARC_TUCSON_OPEN_DATA_14C7AA5CCF,Tucson Open Data 14C7Aa5Ccf,other,19,45,CORROBORATED,0.05882652163308047,-0.15007630160565727
PORTAL_ARC_TUCSON_OPEN_DATA_172A59FDF6,Tucson Open Data 172A59Fdf6,other,4,2,STRONG,0.023373809135952966,-0.44246999674070764
PORTAL_ARC_TUCSON_OPEN_DATA_1E628CD572,Tucson Open Data 1E628Cd572,other,71,66,STRONG,0.014544077902664517,-0.1831733595443017
PORTAL_ARC_TUCSON_OPEN_DATA_289E71C579,Tucson Open Data 289E71C579,other,2000,11,GEO,0.31071178943317124,-0.36395389777222503
PORTAL_ARC_TUCSON_OPEN_DATA_28F95EBB76,Tucson Open Data 28F95Ebb76,other,23,64,STRONG,0.14031686967886758,-0.2272248989107936
PORTAL_ARC_TUCSON_OPEN_DATA_328AF9F277,Tucson Open Data 328Af9F277,other,6,12,STRONG,0.2142592546236888,-0.36554990945364385
PORTAL_ARC_TUCSON_OPEN_DATA_32A72D9D1D,Tucson Open Data 32A72D9D1D,other,5,6,STRONG,-0.06818047928601542,-0.29749065998473595
PORTAL_ARC_TUCSON_OPEN_DATA_3A7E0821D1,Tucson Open Data 3A7E0821D1,other,61,85,STRONG,0.15438590618850062,-0.2258063567913621
PORTAL_ARC_TUCSON_OPEN_DATA_3D7C82E432,Tucson Open Data 3D7C82E432,other,2000,151,STRONG,0.19032816912869477,-0.28362428071384327
PORTAL_ARC_TUCSON_OPEN_DATA_44F7648869,Tucson Open Data 44F7648869,other,2000,56,GEO,0.26283215240520075,-0.2609716005518041
PORTAL_ARC_TUCSON_OPEN_DATA_4B31591F91,Tucson Open Data 4B31591F91,other,2000,123,STRONG,0.2347423597091786,-0.28003862458483325
PORTAL_ARC_TUCSON_OPEN_DATA_4FB5EA68FC,Tucson Open Data 4Fb5Ea68Fc,other,2000,162,STRONG,0.1976949889335194,-0.2461340611516723
PORTAL_ARC_TUCSON_OPEN_DATA_55D5164315,Tucson Open Data 55D5164315,other,60,29,GEO,0.0750983188656581,-0.13089265139405892
PORTAL_ARC_TUCSON_OPEN_DATA_563E6E04A6,Tucson Open Data 563E6E04A6,other,339,84,STRONG,0.019303696410596507,-0.1267034817751971
PORTAL_ARC_TUCSON_OPEN_DATA_575B865A46,Tucson Open Data 575B865A46,other,53,83,STRONG,0.13407341264666744,-0.2070709049168058
PORTAL_ARC_TUCSON_OPEN_DATA_57DF097E01,Tucson Open Data 57Df097E01,other,74,89,STRONG,0.13862554901372837,-0.21700842513101729
PORTAL_ARC_TUCSON_OPEN_DATA_5B985CBFB5,Tucson Open Data 5B985Cbfb5,other,2000,158,STRONG,0.21485400632380572,-0.2619738292784321
PORTAL_ARC_TUCSON_OPEN_DATA_5D84AF2604,Tucson Open Data 5D84Af2604,other,190,102,STRONG,0.2592427230609117,-0.27342172851957397
PORTAL_ARC_TUCSON_OPEN_DATA_63C0193FF1,Tucson Open Data 63C0193Ff1,other,18,27,STRONG,0.11139931087944921,-0.22311958246488486
PORTAL_ARC_TUCSON_OPEN_DATA_65984ADFBA,Tucson Open Data 65984Adfba,other,2000,77,STRONG,0.23017628046583127,-0.3123091400980882
PORTAL_ARC_TUCSON_OPEN_DATA_65A6CDEF8F,Tucson Open Data 65A6Cdef8F,other,76,67,STRONG,0.024137870182313524,-0.15968668881427792
PORTAL_ARC_TUCSON_OPEN_DATA_664D252729,Tucson Open Data 664D252729,other,2000,125,STRONG,0.1939292741097147,-0.2308774091358587
PORTAL_ARC_TUCSON_OPEN_DATA_6720A5FF25,Tucson Open Data 6720A5Ff25,other,5,5,STRONG,-0.0877916566282502,-0.25338137828843504
PORTAL_ARC_TUCSON_OPEN_DATA_688A84DDBF,Tucson Open Data 688A84Ddbf,other,2000,18,STRONG,0.29895191375413016,-0.3464733128532339
PORTAL_ARC_TUCSON_OPEN_DATA_69487E016F,Tucson Open Data 69487E016F,other,1031,120,STRONG,0.24699822917129127,-0.27389600834174505
PORTAL_ARC_TUCSON_OPEN_DATA_6A79648A77,Tucson Open Data 6A79648A77,other,2000,115,STRONG,0.2310938998006725,-0.2367013081338269
PORTAL_ARC_TUCSON_OPEN_DATA_6E966EDC1B,Tucson Open Data 6E966Edc1B,other,176,113,STRONG,0.2267532307902766,-0.29865601576609113
PORTAL_ARC_TUCSON_OPEN_DATA_7044E0923D,Tucson Open Data 7044E0923D,other,13,31,STRONG,0.11376273144182765,-0.2341735290410682
PORTAL_ARC_TUCSON_OPEN_DATA_70CEDCB206,Tucson Open Data 70Cedcb206,other,2000,155,STRONG,0.19622663888709324,-0.26720686574113145
PORTAL_ARC_TUCSON_OPEN_DATA_726A6C58E2,Tucson Open Data 726A6C58E2,other,2000,157,STRONG,0.20080397490811278,-0.22125650798619775
PORTAL_ARC_TUCSON_OPEN_DATA_7468CF46DB,Tucson Open Data 7468Cf46Db,other,6,8,STRONG,0.2574876574474054,-0.3992534776255275
PORTAL_ARC_TUCSON_OPEN_DATA_7672DB717A,Tucson Open Data 7672Db717A,other,2000,119,STRONG,0.2527305523994317,-0.25303026859704786
PORTAL_ARC_TUCSON_OPEN_DATA_78A99CB261,Tucson Open Data 78A99Cb261,other,2000,77,STRONG,0.23782563025906595,-0.30313021759682396
PORTAL_ARC_TUCSON_OPEN_DATA_78DF4DC45F,Tucson Open Data 78Df4Dc45F,other,1024,98,STRONG,-0.0021266309820738806,-0.1313752629333332
PORTAL_ARC_TUCSON_OPEN_DATA_7B6232F22D,Tucson Open Data 7B6232F22D,other,2000,120,STRONG,0.20802883580480044,-0.2392678627255477
PORTAL_ARC_TUCSON_OPEN_DATA_7B93FAAC46,Tucson Open Data 7B93Faac46,other,354,84,STRONG,0.014577852090732202,-0.12780415917925278
PORTAL_ARC_TUCSON_OPEN_DATA_7E21327FCB,Tucson Open Data 7E21327Fcb,other,294,107,STRONG,0.24113401896049216,-0.2858171280920603
PORTAL_ARC_TUCSON_OPEN_DATA_7F7E374C68,Tucson Open Data 7F7E374C68,other,1844,140,STRONG,0.215130553455117,-0.23753592491712774
PORTAL_ARC_TUCSON_OPEN_DATA_80B28FB6D7,Tucson Open Data 80B28Fb6D7,other,21,8,STRONG,0.21816314671592743,-0.38178051718696776
PORTAL_ARC_TUCSON_OPEN_DATA_81514E21D3,Tucson Open Data 81514E21D3,other,2000,116,STRONG,0.21462921039010122,-0.24357554128563744
PORTAL_ARC_TUCSON_OPEN_DATA_81EB8BA37C,Tucson Open Data 81Eb8Ba37C,other,2000,62,STRONG,0.2184654926923964,-0.30610875173085156
PORTAL_ARC_TUCSON_OPEN_DATA_821C8A43B1,Tucson Open Data 821C8A43B1,other,2000,71,STRONG,0.2022769712251752,-0.29965708966259824
PORTAL_ARC_TUCSON_OPEN_DATA_82607FBFC9,Tucson Open Data 82607Fbfc9,other,2000,72,STRONG,0.2481060338695824,-0.3027528134991366
PORTAL_ARC_TUCSON_OPEN_DATA_86A898EF77,Tucson Open Data 86A898Ef77,other,1532,155,STRONG,0.19444522638602063,-0.2515819783709038
PORTAL_ARC_TUCSON_OPEN_DATA_8896D12631,Tucson Open Data 8896D12631,other,2000,11,GEO,0.30129252037099347,-0.37590293687513726
PORTAL_ARC_TUCSON_OPEN_DATA_89DF24D316,Tucson Open Data 89Df24D316,other,2000,119,STRONG,0.24770027201796202,-0.24831593601125804
PORTAL_ARC_TUCSON_OPEN_DATA_8AAD75BF85,Tucson Open Data 8Aad75Bf85,other,119,101,STRONG,0.14071371317827178,-0.20294446657924933
PORTAL_ARC_TUCSON_OPEN_DATA_8AB8EAF3DF,Tucson Open Data 8Ab8Eaf3Df,other,2000,76,STRONG,0.24197183559304758,-0.2939259395598959
PORTAL_ARC_TUCSON_OPEN_DATA_8E55E53D8D,Tucson Open Data 8E55E53D8D,other,2000,54,GEO,0.2145882819657308,-0.20259145098686582
PORTAL_ARC_TUCSON_OPEN_DATA_90C091B01B,Tucson Open Data 90C091B01B,other,2000,158,STRONG,0.14875670940074176,-0.20832299785120056
PORTAL_ARC_TUCSON_OPEN_DATA_90CC86DC8C,Tucson Open Data 90Cc86Dc8C,other,2000,149,STRONG,0.22143424738157824,-0.23898874669712677
PORTAL_ARC_TUCSON_OPEN_DATA_944B32BC37,Tucson Open Data 944B32Bc37,other,502,72,STRONG,0.0453891511905843,-0.14576784442988175
PORTAL_ARC_TUCSON_OPEN_DATA_95246841CB,Tucson Open Data 95246841Cb,other,189,114,STRONG,0.2603207120828954,-0.2835552129287507
PORTAL_ARC_TUCSON_OPEN_DATA_97B5E23500,Tucson Open Data 97B5E23500,other,2000,142,STRONG,0.24189042699175642,-0.25786230438405044
PORTAL_ARC_TUCSON_OPEN_DATA_9B42294E74,Tucson Open Data 9B42294E74,other,38,2,STRONG,0.40072091321131187,-0.44943816534789277
PORTAL_ARC_TUCSON_OPEN_DATA_9E24E86B9A,Tucson Open Data 9E24E86B9A,other,2,0,,,
PORTAL_ARC_TUCSON_OPEN_DATA_A0293B412C,Tucson Open Data A0293B412C,other,144,117,STRONG,0.226189444587497,-0.28759032945937457
PORTAL_ARC_TUCSON_OPEN_DATA_A2044BD114,Tucson Open Data A2044Bd114,other,1889,99,STRONG,-0.004472188131668345,-0.13805174111568908
PORTAL_ARC_TUCSON_OPEN_DATA_A40FB2876B,Tucson Open Data A40Fb2876B,other,2000,160,STRONG,0.21044007918800695,-0.27799804768790193
PORTAL_ARC_TUCSON_OPEN_DATA_A54A25CA53,Tucson Open Data A54A25Ca53,other,2000,151,STRONG,0.23670956253973086,-0.2698258281060549
PORTAL_ARC_TUCSON_OPEN_DATA_A937D836B3,Tucson Open Data A937D836B3,other,2000,100,STRONG,0.23645058567754001,-0.23318463685772706
PORTAL_ARC_TUCSON_OPEN_DATA_A94D7DFBCF,Tucson Open Data A94D7Dfbcf,other,2000,158,STRONG,0.22515758025754132,-0.24668384097916587
PORTAL_ARC_TUCSON_OPEN_DATA_AC3B9C03A4,Tucson Open Data Ac3B9C03A4,other,2000,86,STRONG,0.015088080969737114,-0.12039668829858238
PORTAL_ARC_TUCSON_OPEN_DATA_AD408FDF6D,Tucson Open Data Ad408Fdf6D,other,2000,160,STRONG,0.23376850175270789,-0.24409200725959215
PORTAL_ARC_TUCSON_OPEN_DATA_B44EAD49D6,Tucson Open Data B44Ead49D6,other,66,82,STRONG,0.12531713914853998,-0.1872690588231524
PORTAL_ARC_TUCSON_OPEN_DATA_B64E31A541,Tucson Open Data B64E31A541,other,798,137,STRONG,0.20067813272259477,-0.29013836660644815
PORTAL_ARC_TUCSON_OPEN_DATA_B77E902275,Tucson Open Data B77E902275,other,2000,126,STRONG,0.19055713712755012,-0.2418106844226019
PORTAL_ARC_TUCSON_OPEN_DATA_B8BE43CF1C,Tucson Open Data B8Be43Cf1C,other,2000,138,STRONG,0.23464594927390095,-0.2589698468457496
PORTAL_ARC_TUCSON_OPEN_DATA_BADE778B92,Tucson Open Data Bade778B92,other,2000,146,STRONG,0.20624015949024546,-0.26474791578503765
PORTAL_ARC_TUCSON_OPEN_DATA_BDA54FB1D9,Tucson Open Data Bda54Fb1D9,other,2000,69,STRONG,0.1967747180668741,-0.30095105138283373
PORTAL_ARC_TUCSON_OPEN_DATA_C1ADDCDDD2,Tucson Open Data C1Addcddd2,other,2000,1,STRONG,0.48914415399596844,-0.5220548014610421
PORTAL_ARC_TUCSON_OPEN_DATA_C92A89BB0D,Tucson Open Data C92A89Bb0D,other,2000,147,STRONG,0.20077763788562236,-0.2798791585020448
PORTAL_ARC_TUCSON_OPEN_DATA_CDD4037DF8,Tucson Open Data Cdd4037Df8,other,2000,154,STRONG,0.12579381135654838,-0.17190996903860858
PORTAL_ARC_TUCSON_OPEN_DATA_CDFFE1002A,Tucson Open Data Cdffe1002A,other,43,56,STRONG,0.1461577385069085,-0.2151148707406224
PORTAL_ARC_TUCSON_OPEN_DATA_CF1942A6CE,Tucson Open Data Cf1942A6Ce,other,2000,142,STRONG,0.24273865826619026,-0.2687337670238006
PORTAL_ARC_TUCSON_OPEN_DATA_D4FFB81E01,Tucson Open Data D4Ffb81E01,other,361,115,STRONG,0.2268081579131531,-0.2807755301433527
PORTAL_ARC_TUCSON_OPEN_DATA_DB600D27AE,Tucson Open Data Db600D27Ae,other,2000,76,STRONG,0.21376632352043773,-0.2995638357609436
PORTAL_ARC_TUCSON_OPEN_DATA_E0EDEA39BE,Tucson Open Data E0Edea39Be,other,2,0,,,
PORTAL_ARC_TUCSON_OPEN_DATA_E794DDDF28,Tucson Open Data E794Dddf28,other,276,71,STRONG,0.041066490993024805,-0.15502082077404394
PORTAL_ARC_TUCSON_OPEN_DATA_E9360F6C40,Tucson Open Data E9360F6C40,other,833,138,STRONG,0.20929938455928643,-0.28316525563847683
PORTAL_ARC_TUCSON_OPEN_DATA_EA7ADF4848,Tucson Open Data Ea7Adf4848,other,23,30,CORROBORATED,0.06727454365496303,-0.13816639303334416
PORTAL_ARC_TUCSON_OPEN_DATA_EAB8D87A4D,Tucson Open Data Eab8D87A4D,other,2000,125,STRONG,0.20234445126293038,-0.2277869147548337
PORTAL_ARC_TUCSON_OPEN_DATA_EC706EAD4C,Tucson Open Data Ec706Ead4C,other,437,132,STRONG,0.21351984584560418,-0.2903298212904589
PORTAL_ARC_TUCSON_OPEN_DATA_EE2E5DB309,Tucson Open Data Ee2E5Db309,other,2000,145,STRONG,0.1957916516900576,-0.2590183170358064
PORTAL_ARC_TUCSON_OPEN_DATA_F0203665DD,Tucson Open Data F0203665Dd,other,2,0,,,
PORTAL_ARC_TUCSON_OPEN_DATA_F23F6E5C44,Tucson Open Data F23F6E5C44,other,645,76,STRONG,0.04060865619883835,-0.13739364327665546
PORTAL_ARC_TUCSON_OPEN_DATA_F5DCF594AF,Tucson Open Data F5Dcf594Af,other,2000,147,STRONG,0.1922986200589172,-0.27544892889308714
PORTAL_ARC_TUCSON_OPEN_DATA_F91596293E,Tucson Open Data F91596293E,other,36,45,STRONG,0.0486819346966778,-0.15643332786433994
PORTAL_ARC_TUCSON_OPEN_DATA_F919285F50,Tucson Open Data F919285F50,other,12,19,STRONG,0.30028336291674446,-0.32521703102846095
PORTAL_ARC_TUCSON_OPEN_DATA_F9376D5072,Tucson Open Data F9376D5072,other,2000,141,STRONG,0.2172619981026687,-0.2519210279742079
PORTAL_ARC_TUCSON_OPEN_DATA_F970BAADB3,Tucson Open Data F970Baadb3,other,2000,149,STRONG,0.1873762378301247,-0.25570575504585885
PORTAL_ARC_TUCSON_OPEN_DATA_FA71372C44,Tucson Open Data Fa71372C44,other,2000,148,STRONG,0.20539730855092148,-0.25200719860353404
PORTAL_ARC_VERMONT_OPEN_GEO_62F10327D4,Vermont Open Geo 62F10327D4,other,424,2,PROBABILISTIC,7.805231013858105,-1.933185749131747
PORTAL_ARC_VERMONT_OPEN_GEO_9E55D67E2C,Vermont Open Geo 9E55D67E2C,other,286,4,STRONG,7.777093896653818,-1.964992456448221
PORTAL_ARC_VERMONT_OPEN_GEO_DE261D6F8C,Vermont Open Geo De261D6F8C,other,286,4,STRONG,7.81800546318211,-1.974319705308946
PORTAL_ARC_WAKE_COUNTY_OPEN_4B425FD089,Wake County Open 4B425Fd089,other,2000,20,STEEL,0.07956715763291046,0.050398631410952854
PORTAL_ARC_WISCONSIN_OPEN_D_022EFD1AE5,Wisconsin Open D 022Efd1Ae5,other,2,0,,,
PORTAL_ARC_WISCONSIN_OPEN_D_07CF3C3824,Wisconsin Open D 07Cf3C3824,other,2,4,BRIDGE,0.002922159410460245,-0.22227214150171967
PORTAL_ARC_WISCONSIN_OPEN_D_4EBC995C5D,Wisconsin Open D 4Ebc995C5D,other,56,31,BRIDGE,-0.11139450479355499,-0.04370733962099471
PORTAL_ARC_WISCONSIN_OPEN_D_5206358BDD,Wisconsin Open D 5206358Bdd,other,604,54,CORROBORATED,-0.09033321459461763,-0.013660693070029444
PORTAL_ARC_WISCONSIN_OPEN_D_601E691159,Wisconsin Open D 601E691159,other,1,0,,,
PORTAL_ARC_WISCONSIN_OPEN_D_717F8037EB,Wisconsin Open D 717F8037Eb,other,9,17,BRIDGE,-0.10111492831246142,-0.07962652249374749
PORTAL_ARC_WISCONSIN_OPEN_D_B2EFA24715,Wisconsin Open D B2Efa24715,other,14,23,BRIDGE,-0.14004985048954008,-0.025473487536888915
PORTAL_ARC_WISCONSIN_OPEN_D_CB1509F410,Wisconsin Open D Cb1509F410,other,42,31,BRIDGE,-0.11490016661839302,-0.00226217084839637
PORTAL_ARC_WISCONSIN_OPEN_D_D05399642C,Wisconsin Open D D05399642C,other,8,14,BRIDGE,-0.035596543404698804,-0.13026708786779806
PORTAL_SOC_AUSTIN_OPEN_DATA_0B4C639A1C,Austin Open Data 0B4C639A1C,other,526,0,,,
PORTAL_SOC_AUSTIN_OPEN_DATA_B5E56C7A67,Austin Open Data B5E56C7A67,other,51,37,STRONG,-0.14570290147885603,0.12616812184356663
PORTAL_SOC_CAMBRIDGE_OPEN_D_8A1152140C,Cambridge Open D 8A1152140C,other,749,0,,,
PORTAL_SOC_CAMBRIDGE_OPEN_D_D1389AFE1E,Cambridge Open D D1389Afe1E,other,1110,85,STRONG,-0.14935525435802507,0.12018648803422799
PORTAL_SOC_CAMBRIDGE_OPEN_D_FB7C7229D0,Cambridge Open D Fb7C7229D0,other,1259,6,STEEL,0.1698787310635022,0.20742474687085133
PORTAL_SOC_CHICAGO_DATA_POR_1719DAE821,Chicago Data Por 1719Dae821,other,2000,13,PROBABILISTIC,-0.019522360884096236,0.1981951311150758
PORTAL_SOC_CHICAGO_DATA_POR_1CA267A903,Chicago Data Por 1Ca267A903,other,2000,43,STRONG,-0.056256155694781984,0.17999881282495647
PORTAL_SOC_CHICAGO_DATA_POR_26DE83BAF4,Chicago Data Por 26De83Baf4,other,2000,13,PROBABILISTIC,-0.0150405088332487,0.17360428917190984
PORTAL_SOC_CHICAGO_DATA_POR_51304D7360,Chicago Data Por 51304D7360,other,2000,0,,,
PORTAL_SOC_CHICAGO_DATA_POR_FC19B9A2BE,Chicago Data Por Fc19B9A2Be,other,672,17,CORROBORATED,-0.005181847786374773,0.058459419816328816
PORTAL_SOC_COLOMBIA_NATIONA_3C8F38B720,Colombia Nationa 3C8F38B720,other,2000,0,,,
PORTAL_SOC_COLOMBIA_NATIONA_95D4789BA7,Colombia Nationa 95D4789Ba7,other,840,0,,,
PORTAL_SOC_COLORADO_INFORMA_0637BE3AAC,Colorado Informa 0637Be3Aac,other,2000,63,STRONG,-0.4539995550683318,0.10665639540364676
PORTAL_SOC_COLORADO_INFORMA_1CF33FB763,Colorado Informa 1Cf33Fb763,other,2000,163,STRONG,-0.24458139175968394,0.10812592288278522
PORTAL_SOC_COLORADO_INFORMA_1D5CFAD830,Colorado Informa 1D5Cfad830,other,2000,194,STRONG,-0.08678680098991862,0.04473688551720058
PORTAL_SOC_COLORADO_INFORMA_239FBA8B76,Colorado Informa 239Fba8B76,other,2000,10,STEEL,0.3489330330020788,0.1731485542270152
PORTAL_SOC_COLORADO_INFORMA_46101BE391,Colorado Informa 46101Be391,other,2000,31,STEEL,0.16868019696915645,0.09287209779956682
PORTAL_SOC_COLORADO_INFORMA_4844CA967D,Colorado Informa 4844Ca967D,other,36,11,STRONG,0.08219842094533383,0.08361178564129251
PORTAL_SOC_COLORADO_INFORMA_502999772D,Colorado Informa 502999772D,other,984,62,STRONG,-0.44826184988967843,0.12108109724078052
PORTAL_SOC_COLORADO_INFORMA_6367A44C92,Colorado Informa 6367A44C92,other,1989,10,STEEL,0.33131557386239313,0.17794416285579887
PORTAL_SOC_COLORADO_INFORMA_6BE19A7323,Colorado Informa 6Be19A7323,other,2000,63,STRONG,-0.4439873596866571,0.10320802169194086
PORTAL_SOC_COLORADO_INFORMA_9224CC38D4,Colorado Informa 9224Cc38D4,other,2000,4,STRONG,0.15307814998268615,0.2823143144470903
PORTAL_SOC_COLORADO_INFORMA_9A760AEFAA,Colorado Informa 9A760Aefaa,other,732,16,GEO,0.06660854409859376,-0.00724529301906023
PORTAL_SOC_COLORADO_INFORMA_A50DA9B699,Colorado Informa A50Da9B699,other,2000,10,STEEL,0.33762941932431695,0.19172870838453765
PORTAL_SOC_COLORADO_INFORMA_B4DD509314,Colorado Informa B4Dd509314,other,2000,10,STEEL,0.32537993265910853,0.1968188676286989
PORTAL_SOC_COLORADO_INFORMA_C4D7351098,Colorado Informa C4D7351098,other,150,63,STRONG,-0.4367031593748411,0.1179800308950698
PORTAL_SOC_COLORADO_INFORMA_D017CFCF7F,Colorado Informa D017Cfcf7F,other,327,10,STEEL,0.3569812038402459,0.19087104017078854
PORTAL_SOC_COLORADO_INFORMA_DE6C8A6901,Colorado Informa De6C8A6901,other,2000,192,STRONG,-0.07979991904856598,0.04031141008805395
PORTAL_SOC_COLORADO_INFORMA_E80CA7800E,Colorado Informa E80Ca7800E,other,2000,168,STRONG,-0.08360323753417924,0.051298751702780504
PORTAL_SOC_COLORADO_INFORMA_F0E162D7A8,Colorado Informa F0E162D7A8,other,2000,10,STEEL,0.33894668937019407,0.1627774880409675
PORTAL_SOC_COLORADO_INFORMA_F78543C045,Colorado Informa F78543C045,other,249,10,STEEL,0.34707834358423745,0.21064256812263038
PORTAL_SOC_COLORADO_INFORMA_F9498D9B7F,Colorado Informa F9498D9B7F,other,2000,10,STEEL,0.32325627603776574,0.20663217250539495
PORTAL_SOC_CONNECTICUT_OPEN_1CD7311280,Connecticut Open 1Cd7311280,other,1606,8,PROBABILISTIC,-0.07047326209306114,-0.19540962934153813
PORTAL_SOC_CONNECTICUT_OPEN_28F32B559B,Connecticut Open 28F32B559B,other,21,62,STRONG,-0.4359125810449048,0.1346116252159432
PORTAL_SOC_CONNECTICUT_OPEN_421E7F6A7E,Connecticut Open 421E7F6A7E,other,2000,0,,,
PORTAL_SOC_CONNECTICUT_OPEN_55FF4E7BA7,Connecticut Open 55Ff4E7Ba7,other,23,2,STRONG,-0.47866158549575066,-0.2996457523605859
PORTAL_SOC_CONNECTICUT_OPEN_6CDD9E3A6E,Connecticut Open 6Cdd9E3A6E,other,2000,63,STRONG,-0.4548149032935859,0.09117525347894513
PORTAL_SOC_CONNECTICUT_OPEN_7909C84EE4,Connecticut Open 7909C84Ee4,other,22,62,STRONG,-0.44997086170854855,0.09750028406573238
PORTAL_SOC_CONNECTICUT_OPEN_886AEF6AC6,Connecticut Open 886Aef6Ac6,other,20,62,STRONG,-0.42800667105532814,0.13250510967237347
PORTAL_SOC_CONNECTICUT_OPEN_88B075D7AF,Connecticut Open 88B075D7Af,other,2000,50,STRONG,-0.0741996728355587,0.13161767954153997
PORTAL_SOC_CONNECTICUT_OPEN_95AC60CEE1,Connecticut Open 95Ac60Cee1,other,1999,0,,,
PORTAL_SOC_CONNECTICUT_OPEN_9A34CD28AE,Connecticut Open 9A34Cd28Ae,other,2000,35,STEEL,-0.011262949042399068,0.019384792510806735
PORTAL_SOC_CONNECTICUT_OPEN_AEB46F6C94,Connecticut Open Aeb46F6C94,other,2000,91,STRONG,-0.11459164622196,0.10398613997133174
PORTAL_SOC_CONNECTICUT_OPEN_B2B9303A5F,Connecticut Open B2B9303A5F,other,274,61,STRONG,-0.44819410945199994,0.08367645557103952
PORTAL_SOC_CONNECTICUT_OPEN_BD88772B17,Connecticut Open Bd88772B17,other,1367,10,STRONG,-0.2297675045319436,-0.07968775981664505
PORTAL_SOC_CONNECTICUT_OPEN_DEA6C4224A,Connecticut Open Dea6C4224A,other,4,10,STRONG,-0.197696648046557,0.009296945824911917
PORTAL_SOC_CONNECTICUT_OPEN_F42EDA9B76,Connecticut Open F42Eda9B76,other,20,2,STRONG,-0.4582728302130701,-0.32597237095343445
PORTAL_SOC_CONNECTICUT_OPEN_FF2B86A533,Connecticut Open Ff2B86A533,other,2000,106,STRONG,-0.1038692597712264,0.09353133723594004
PORTAL_SOC_DATALA_LOS_ANGEL_361B8161B7,Datala Los Angel 361B8161B7,other,2000,40,STRONG,0.06790611691981986,0.03451271346659877
PORTAL_SOC_DATALA_LOS_ANGEL_A94A3A65BD,Datala Los Angel A94A3A65Bd,other,2000,7,STRONG,0.14317399397018693,0.1910566509373979
PORTAL_SOC_DATALA_LOS_ANGEL_DC3670AFE1,Datala Los Angel Dc3670Afe1,other,2000,23,STRONG,0.11904075061076591,0.04655977462068241
PORTAL_SOC_DELAWARE_OPEN_DA_98A9EE0BC7,Delaware Open Da 98A9Ee0Bc7,other,1025,95,GEO,-0.03870587719111881,0.018386761392505592
PORTAL_SOC_DELAWARE_OPEN_DA_9E200409C5,Delaware Open Da 9E200409C5,other,1858,64,STRONG,-0.30421979126611803,0.0620601009307631
PORTAL_SOC_DELAWARE_OPEN_DA_D15606CF5C,Delaware Open Da D15606Cf5C,other,303,13,STRONG,-0.2673331239433471,0.16030731151338734
PORTAL_SOC_DELAWARE_OPEN_DA_EB5F15ED0E,Delaware Open Da Eb5F15Ed0E,other,67,0,,,
PORTAL_SOC_MARYLAND_OPEN_DA_1B2CC0ADB9,Maryland Open Da 1B2Cc0Adb9,other,64,44,STEEL,0.02848310117768444,0.0007193045718895133
PORTAL_SOC_MARYLAND_OPEN_DA_786470E96F,Maryland Open Da 786470E96F,other,194,2,STRONG,7.032995767476604,-3.724325579130644
PORTAL_SOC_MARYLAND_OPEN_DA_7CE817C5CE,Maryland Open Da 7Ce817C5Ce,other,64,44,STEEL,0.033977221380295936,-0.008308761066590833
PORTAL_SOC_MARYLAND_OPEN_DA_8EED7B8121,Maryland Open Da 8Eed7B8121,other,661,2,STRONG,7.099294675141338,-3.7445087237364363
PORTAL_SOC_MARYLAND_OPEN_DA_BAA13FC4EC,Maryland Open Da Baa13Fc4Ec,other,1997,105,STRONG,-0.07463380540475874,0.0909677960041581
PORTAL_SOC_MARYLAND_OPEN_DA_D9D09EF11B,Maryland Open Da D9D09Ef11B,other,814,2,STRONG,7.1170686371316405,-3.779971986919155
PORTAL_SOC_MESA_CITY_DATA_H_1D5C4ED269,Mesa City Data H 1D5C4Ed269,other,598,63,STRONG,-0.44638996547907545,0.11291381435661726
PORTAL_SOC_NEW_YORK_STATE_O_0C94DD2B8A,New York State O 0C94Dd2B8A,other,1999,48,STRONG,-0.06554825699476971,0.1719170017864696
PORTAL_SOC_NEW_YORK_STATE_O_153DF2DB81,New York State O 153Df2Db81,other,1996,109,STRONG,-0.07627000720413982,0.10599121225013287
PORTAL_SOC_NEW_YORK_STATE_O_1C387B0AE6,New York State O 1C387B0Ae6,other,2000,62,STRONG,-0.4404511386086193,0.12682207983178104
PORTAL_SOC_NEW_YORK_STATE_O_49CD8C5B65,New York State O 49Cd8C5B65,other,161,0,,,
PORTAL_SOC_NEW_YORK_STATE_O_4A5291BE83,New York State O 4A5291Be83,other,2000,52,STRONG,-0.3967403454990758,0.14295269772085323
PORTAL_SOC_NEW_YORK_STATE_O_7B6EACD070,New York State O 7B6Eacd070,other,2000,12,STRONG,-0.28794808893795376,0.17978740786550315
PORTAL_SOC_NEW_YORK_STATE_O_7DD1C9CB24,New York State O 7Dd1C9Cb24,other,743,2,PROBABILISTIC,0.10520740729865198,0.2806171008394182
PORTAL_SOC_NEW_YORK_STATE_O_9BB5326481,New York State O 9Bb5326481,other,1057,15,STRONG,0.08006459062341086,0.1967085244374588
PORTAL_SOC_NEW_YORK_STATE_O_A677772945,New York State O A677772945,other,2000,4,STRONG,0.20493534541039377,0.24152682330852246
PORTAL_SOC_NEW_YORK_STATE_O_C08EFA40C8,New York State O C08Efa40C8,other,2000,34,STRONG,-0.07568815656849626,0.19483392172731778
PORTAL_SOC_NEW_YORK_STATE_O_DF2D96A77F,New York State O Df2D96A77F,other,2000,77,STRONG,-0.3544901172306356,0.11140154124701682
PORTAL_SOC_NEW_YORK_STATE_O_EFF72C4402,New York State O Eff72C4402,other,2000,11,GEO,0.09061010795284095,0.07463539162229617
PORTAL_SOC_NJ_OPEN_DATA_CEN_A0D94510CA,Nj Open Data Cen A0D94510Ca,other,2000,35,STEEL,0.0132226862555638,0.04065222953653536
PORTAL_SOC_OPEN_DATA_BR_21BB19A94A,Open Data Br 21Bb19A94A,other,2000,113,STRONG,-0.09637276353346923,0.09947557609072082
PORTAL_SOC_OPEN_DATA_BR_6083BC2934,Open Data Br 6083Bc2934,other,2000,102,STRONG,-0.06815843731250856,0.08986428308580918
PORTAL_SOC_OPEN_DATA_BR_B141E1C0F8,Open Data Br B141E1C0F8,other,1999,85,STRONG,-0.12054682000707118,0.10914621857570966
PORTAL_SOC_OPEN_DATA_BR_C110D5CF59,Open Data Br C110D5Cf59,other,1468,70,STRONG,-0.10948112117871674,0.0785223911646159
PORTAL_SOC_OPEN_DATA_BR_FC0D2DAA2B,Open Data Br Fc0D2Daa2B,other,1999,85,STRONG,-0.10660883572001575,0.09168556678079609
PORTAL_SOC_OREGON_OPEN_DATA_072D0C4A94,Oregon Open Data 072D0C4A94,other,2000,10,STRONG,0.07038626778830263,0.09746837794759619
PORTAL_SOC_OREGON_OPEN_DATA_DC4AEE7DB0,Oregon Open Data Dc4Aee7Db0,other,2000,96,STRONG,-0.12676392807449366,0.0797165025027148
PORTAL_SOC_OREGON_OPEN_DATA_E338C547C2,Oregon Open Data E338C547C2,other,2000,11,STEEL,0.11695352695497116,0.0029658652613811284
PORTAL_SOC_PA_OPEN_DATA_POR_5A9F04BB9C,Pa Open Data Por 5A9F04Bb9C,other,1712,1,PROBABILISTIC,-0.04221371100756373,-0.3694810070241225
PORTAL_SOC_PA_OPEN_DATA_POR_7D4F8FCE94,Pa Open Data Por 7D4F8Fce94,other,1428,75,STRONG,-0.3173653232087048,0.0706495513635466
PORTAL_SOC_PA_OPEN_DATA_POR_84400DC75D,Pa Open Data Por 84400Dc75D,other,2000,75,STRONG,-0.3151607280236809,0.074427281484855
PORTAL_SOC_PA_OPEN_DATA_POR_CD66682741,Pa Open Data Por Cd66682741,other,2000,46,STEEL,0.0021617658073911344,0.00847325203118146
PORTAL_SOC_SANTA_CLARA_COUN_487FCD1FAB,Santa Clara Coun 487Fcd1Fab,other,8,0,,,
PORTAL_SOC_SEATTLE_OPEN_DAT_C8F2072189,Seattle Open Dat C8F2072189,other,2000,98,STRONG,-0.10003939521873093,0.11768305608945259
PORTAL_SOC_SF_OPENDATA_DATA_79618299A6,Sf Opendata Data 79618299A6,other,2000,55,STRONG,0.03298919628372921,0.03961085061024421
PORTAL_SOC_SF_OPENDATA_DATA_8DCCC91916,Sf Opendata Data 8Dccc91916,other,1560,17,STEEL,0.054976809887709206,0.11767470207748898
PORTAL_SOC_SF_OPENDATA_DATA_C19EE9EB44,Sf Opendata Data C19Ee9Eb44,other,157,14,STEEL,0.07461945099805677,-0.05293149137298777
PORTAL_SOC_TEXAS_OPEN_DATA_0F8F4663C8,Texas Open Data 0F8F4663C8,other,1009,107,STRONG,-0.07635728825931626,0.14447072668564634
PORTAL_SOC_TEXAS_OPEN_DATA_24C81C0C8A,Texas Open Data 24C81C0C8A,other,2000,84,STRONG,-0.12274577391726525,0.11742666465475571
PORTAL_SOC_TEXAS_OPEN_DATA_28E2F49084,Texas Open Data 28E2F49084,other,2000,4,PROBABILISTIC,0.033147007566201925,0.3185988811115577
PORTAL_SOC_TEXAS_OPEN_DATA_31F82D63F8,Texas Open Data 31F82D63F8,other,1998,80,STRONG,-0.12882608439316423,0.12687479865243814
PORTAL_SOC_TEXAS_OPEN_DATA_354E3ABF4F,Texas Open Data 354E3Abf4F,other,2000,179,STRONG,-0.09778721505767615,0.05508371776054393
PORTAL_SOC_TEXAS_OPEN_DATA_38B5253053,Texas Open Data 38B5253053,other,2000,81,STRONG,-0.12895283221365283,0.14365969427230088
PORTAL_SOC_TEXAS_OPEN_DATA_4D3A5EED0F,Texas Open Data 4D3A5Eed0F,other,2000,128,STRONG,-0.10152835676557716,0.02486047528906104
PORTAL_SOC_TEXAS_OPEN_DATA_5410A1009F,Texas Open Data 5410A1009F,other,2000,168,STRONG,-0.10621994543403744,0.06658621627054134
PORTAL_SOC_TEXAS_OPEN_DATA_5A5338F21B,Texas Open Data 5A5338F21B,other,2000,90,STRONG,-0.1341382844456872,0.13263855210135614
PORTAL_SOC_TEXAS_OPEN_DATA_6F798A64FA,Texas Open Data 6F798A64Fa,other,2000,31,STEEL,-0.023564749442878417,0.10743560865654538
PORTAL_SOC_TEXAS_OPEN_DATA_91F1C8D27D,Texas Open Data 91F1C8D27D,other,2000,4,STEEL,0.01470002412809867,0.3168036356007639
PORTAL_SOC_TEXAS_OPEN_DATA_A124DC2A11,Texas Open Data A124Dc2A11,other,2000,31,GEO,-0.16005189844125212,-0.027000222126016077
PORTAL_SOC_TEXAS_OPEN_DATA_A415622C5D,Texas Open Data A415622C5D,other,2000,169,STRONG,-0.08918086663439526,0.05787617797846212
PORTAL_SOC_TEXAS_OPEN_DATA_A7AB49CB1A,Texas Open Data A7Ab49Cb1A,other,447,2,STEEL,0.26837298286696504,0.06746567347114112
PORTAL_SOC_TEXAS_OPEN_DATA_B4FDC1DC58,Texas Open Data B4Fdc1Dc58,other,2000,71,CORROBORATED,-0.10566544033920029,-0.009296148505356667
PORTAL_SOC_TEXAS_OPEN_DATA_B8DDC96BFF,Texas Open Data B8Ddc96Bff,other,2000,1,STEEL,-0.020052320293643115,0.4937557175832562
PORTAL_SOC_TEXAS_OPEN_DATA_D1849939BC,Texas Open Data D1849939Bc,other,1572,0,,,
PORTAL_SOC_TEXAS_OPEN_DATA_D83872D208,Texas Open Data D83872D208,other,239,1,PROBABILISTIC,-0.0730983158135443,0.4857201633330187
PORTAL_SOC_TEXAS_OPEN_DATA_DA657010B1,Texas Open Data Da657010B1,other,2000,138,STRONG,-0.07917493977606217,0.00799029377574545
PORTAL_SOC_TEXAS_OPEN_DATA_EADC02D661,Texas Open Data Eadc02D661,other,1990,94,STRONG,-0.12932015368459904,0.08396509990959912
PORTAL_SOC_TEXAS_OPEN_DATA_F525266F32,Texas Open Data F525266F32,other,474,72,STEEL,-0.0509046941701085,0.0098866823036183
PORTAL_SOC_UTAH_OPEN_DATA_P_0028F23236,Utah Open Data P 0028F23236,other,117,70,STRONG,-0.4244001367115318,0.10233491600832047
PORTAL_SOC_UTAH_OPEN_DATA_P_0844D0BD12,Utah Open Data P 0844D0Bd12,other,2000,147,STRONG,-0.01341118867893864,0.13944069376091411
PORTAL_SOC_UTAH_OPEN_DATA_P_08BA00868C,Utah Open Data P 08Ba00868C,other,118,70,STRONG,-0.3794026713345663,0.09556036432330645
PORTAL_SOC_UTAH_OPEN_DATA_P_0F31165E86,Utah Open Data P 0F31165E86,other,2000,112,STRONG,-0.09537215799985727,0.12064562052833146
PORTAL_SOC_UTAH_OPEN_DATA_P_103F7D641F,Utah Open Data P 103F7D641F,other,2000,4,STEEL,0.05351303855260243,0.414300279506009
PORTAL_SOC_UTAH_OPEN_DATA_P_1614522F52,Utah Open Data P 1614522F52,other,575,118,STRONG,-0.10307352301360943,0.10684701888176673
PORTAL_SOC_UTAH_OPEN_DATA_P_18582DDC54,Utah Open Data P 18582Ddc54,other,2000,14,STEEL,-0.4976030506258452,-0.1511988557983962
PORTAL_SOC_UTAH_OPEN_DATA_P_193D6FEEC1,Utah Open Data P 193D6Feec1,other,87,62,STRONG,-0.34189664375715423,0.10160050021428459
PORTAL_SOC_UTAH_OPEN_DATA_P_1A3EDE9CAD,Utah Open Data P 1A3Ede9Cad,other,643,9,STEEL,0.13959354695986664,0.024454105089545368
PORTAL_SOC_UTAH_OPEN_DATA_P_1C0C156DA7,Utah Open Data P 1C0C156Da7,other,117,70,STRONG,-0.3831515005384979,0.0685165249202553
PORTAL_SOC_UTAH_OPEN_DATA_P_1E3F70C6A8,Utah Open Data P 1E3F70C6A8,other,116,70,STRONG,-0.4196792985832202,0.11831024770157102
PORTAL_SOC_UTAH_OPEN_DATA_P_2027B55EDA,Utah Open Data P 2027B55Eda,other,525,175,STRONG,-0.0930947398932419,0.1594392591641633
PORTAL_SOC_UTAH_OPEN_DATA_P_2065CE1D57,Utah Open Data P 2065Ce1D57,other,17,0,,,
PORTAL_SOC_UTAH_OPEN_DATA_P_21E87270E6,Utah Open Data P 21E87270E6,other,118,70,STRONG,-0.4285591166908604,0.07583818836999782
PORTAL_SOC_UTAH_OPEN_DATA_P_266D3FB7BF,Utah Open Data P 266D3Fb7Bf,other,69,11,STRONG,3.8071714611904763,4.305464232331481
PORTAL_SOC_UTAH_OPEN_DATA_P_27F4752A1B,Utah Open Data P 27F4752A1B,other,117,70,STRONG,-0.4111579593635285,0.11928588281288094
PORTAL_SOC_UTAH_OPEN_DATA_P_294FE280EF,Utah Open Data P 294Fe280Ef,other,604,98,STRONG,-0.10917453432490909,0.11167461876471026
PORTAL_SOC_UTAH_OPEN_DATA_P_2F94947455,Utah Open Data P 2F94947455,other,2000,3,STEEL,-1.356661393462173,-7.429449142944654
PORTAL_SOC_UTAH_OPEN_DATA_P_2FDF78BD22,Utah Open Data P 2Fdf78Bd22,other,117,70,STRONG,-0.3800873477069849,0.10958719232805557
PORTAL_SOC_UTAH_OPEN_DATA_P_327D0E821D,Utah Open Data P 327D0E821D,other,2000,142,STRONG,-0.05888970522802541,0.11848362941596237
PORTAL_SOC_UTAH_OPEN_DATA_P_3345D79E51,Utah Open Data P 3345D79E51,other,616,145,STRONG,-0.1128925770960724,0.16668226692750965
PORTAL_SOC_UTAH_OPEN_DATA_P_36BE408253,Utah Open Data P 36Be408253,other,117,70,STRONG,-0.3892750623157429,0.05857264836189819
PORTAL_SOC_UTAH_OPEN_DATA_P_37575AD872,Utah Open Data P 37575Ad872,other,559,175,STRONG,-0.1176003590432494,0.15508198136461482
PORTAL_SOC_UTAH_OPEN_DATA_P_376293FCF7,Utah Open Data P 376293Fcf7,other,118,70,STRONG,-0.4196717228884086,0.11476546847960756
PORTAL_SOC_UTAH_OPEN_DATA_P_37975584A8,Utah Open Data P 37975584A8,other,116,70,STRONG,-0.43457159706856324,0.06892196314668499
PORTAL_SOC_UTAH_OPEN_DATA_P_38579BBDBC,Utah Open Data P 38579Bbdbc,other,850,149,STRONG,-0.11169822056865589,0.13716630792838358
PORTAL_SOC_UTAH_OPEN_DATA_P_3967E73A16,Utah Open Data P 3967E73A16,other,2000,14,STEEL,-0.4951438637527675,-0.16822420109893155
PORTAL_SOC_UTAH_OPEN_DATA_P_3C77C8480B,Utah Open Data P 3C77C8480B,other,450,2,STRONG,-0.1286578599031433,0.39704926762656034
PORTAL_SOC_UTAH_OPEN_DATA_P_42CA38B0B0,Utah Open Data P 42Ca38B0B0,other,116,70,STRONG,-0.39401004053043914,0.12564349442681721
PORTAL_SOC_UTAH_OPEN_DATA_P_4309355F14,Utah Open Data P 4309355F14,other,49,38,STRONG,-0.1315078526840242,0.20575069611167143
PORTAL_SOC_UTAH_OPEN_DATA_P_447082E18E,Utah Open Data P 447082E18E,other,117,70,STRONG,-0.42411552792831636,0.08108863140587337
PORTAL_SOC_UTAH_OPEN_DATA_P_47DCFFC8C1,Utah Open Data P 47Dcffc8C1,other,28,0,,,
PORTAL_SOC_UTAH_OPEN_DATA_P_49602BAEC5,Utah Open Data P 49602Baec5,other,118,70,STRONG,-0.4391035044655794,0.08342175912822947
PORTAL_SOC_UTAH_OPEN_DATA_P_4C3C656C61,Utah Open Data P 4C3C656C61,other,2000,16,STEEL,-0.41391882002306596,-0.10496913513365475
PORTAL_SOC_UTAH_OPEN_DATA_P_4DA2A1E62F,Utah Open Data P 4Da2A1E62F,other,118,70,STRONG,-0.40278540187199074,0.051487101124931
PORTAL_SOC_UTAH_OPEN_DATA_P_4EBA247771,Utah Open Data P 4Eba247771,other,2000,57,STEEL,0.06501872018560376,0.12251498761001242
PORTAL_SOC_UTAH_OPEN_DATA_P_4ED1B6FFA6,Utah Open Data P 4Ed1B6Ffa6,other,116,70,STRONG,-0.3928371749964007,0.08779305845074067
PORTAL_SOC_UTAH_OPEN_DATA_P_51F192B9AC,Utah Open Data P 51F192B9Ac,other,99,62,STRONG,-0.34805356986409836,0.10014420244928994
PORTAL_SOC_UTAH_OPEN_DATA_P_52003D36F8,Utah Open Data P 52003D36F8,other,2000,23,STEEL,0.1263075192443333,0.10123040566385755
PORTAL_SOC_UTAH_OPEN_DATA_P_55B6E45F3F,Utah Open Data P 55B6E45F3F,other,118,70,STRONG,-0.4274303824671481,0.09202429909350227
PORTAL_SOC_UTAH_OPEN_DATA_P_55EF6EF0C6,Utah Open Data P 55Ef6Ef0C6,other,2000,17,STEEL,0.0991922573590005,0.005941991334165212
PORTAL_SOC_UTAH_OPEN_DATA_P_5822AAEE01,Utah Open Data P 5822Aaee01,other,2000,3,STEEL,-1.3251765749685696,-7.392682814931784
PORTAL_SOC_UTAH_OPEN_DATA_P_598C279750,Utah Open Data P 598C279750,other,34,1,PROBABILISTIC,0.050757792352484,0.5077797117769782
PORTAL_SOC_UTAH_OPEN_DATA_P_5A037856FE,Utah Open Data P 5A037856Fe,other,1999,106,STRONG,-0.09106202786386428,0.1221633934499662
PORTAL_SOC_UTAH_OPEN_DATA_P_5C3521189E,Utah Open Data P 5C3521189E,other,861,148,STRONG,-0.1114768351529402,0.138366343759951
PORTAL_SOC_UTAH_OPEN_DATA_P_5E52F5D62F,Utah Open Data P 5E52F5D62F,other,118,70,STRONG,-0.3857890168140898,0.11831820844424949
PORTAL_SOC_UTAH_OPEN_DATA_P_5EF25AF42C,Utah Open Data P 5Ef25Af42C,other,2000,24,STEEL,0.12611359591380336,0.15490543828930656
PORTAL_SOC_UTAH_OPEN_DATA_P_5EF68422FF,Utah Open Data P 5Ef68422Ff,other,2000,4,STEEL,0.06547652625699815,0.3979071422310301
PORTAL_SOC_UTAH_OPEN_DATA_P_6223211050,Utah Open Data P 6223211050,other,117,70,STRONG,-0.41150923753195084,0.08380158106862112
PORTAL_SOC_UTAH_OPEN_DATA_P_623DBEE2EF,Utah Open Data P 623Dbee2Ef,other,118,70,STRONG,-0.42018296413742595,0.05647150864175375
PORTAL_SOC_UTAH_OPEN_DATA_P_62BB6C079E,Utah Open Data P 62Bb6C079E,other,2000,50,STEEL,0.025714315497089545,0.09568771954561198
PORTAL_SOC_UTAH_OPEN_DATA_P_636FFFDFA2,Utah Open Data P 636Fffdfa2,other,865,153,STRONG,-0.10586372939071684,0.1508104602236847
PORTAL_SOC_UTAH_OPEN_DATA_P_645B93D1C3,Utah Open Data P 645B93D1C3,other,117,70,STRONG,-0.4221988634947232,0.09595388340571576
PORTAL_SOC_UTAH_OPEN_DATA_P_6679F2DEDB,Utah Open Data P 6679F2Dedb,other,118,70,STRONG,-0.39122643146171293,0.08231318227675324
PORTAL_SOC_UTAH_OPEN_DATA_P_66C519BCCF,Utah Open Data P 66C519Bccf,other,893,150,STRONG,-0.11830924230012953,0.14086598549028462
PORTAL_SOC_UTAH_OPEN_DATA_P_6862B465D5,Utah Open Data P 6862B465D5,other,1883,27,STEEL,0.017563769481041228,0.17792816781726872
PORTAL_SOC_UTAH_OPEN_DATA_P_6E687D44E0,Utah Open Data P 6E687D44E0,other,2000,16,STEEL,-0.420924888855577,-0.09759025887983588
PORTAL_SOC_UTAH_OPEN_DATA_P_6F316DE0B0,Utah Open Data P 6F316De0B0,other,1392,17,STEEL,0.16565158438351596,0.1467918625427581
PORTAL_SOC_UTAH_OPEN_DATA_P_701571FD92,Utah Open Data P 701571Fd92,other,231,24,STEEL,0.1196501028062423,0.16652503867421495
PORTAL_SOC_UTAH_OPEN_DATA_P_7105312F13,Utah Open Data P 7105312F13,other,2000,17,STEEL,-0.38025965534145406,-0.08818655342406802
PORTAL_SOC_UTAH_OPEN_DATA_P_7186EDB84B,Utah Open Data P 7186Edb84B,other,67,35,STEEL,0.023727544126586904,0.07788141762025248
PORTAL_SOC_UTAH_OPEN_DATA_P_79CFD825BF,Utah Open Data P 79Cfd825Bf,other,116,70,STRONG,-0.4019420008450771,0.06708095093185219
PORTAL_SOC_UTAH_OPEN_DATA_P_79EAB10D34,Utah Open Data P 79Eab10D34,other,2000,11,STRONG,3.8274771633362636,4.348012022623178
PORTAL_SOC_UTAH_OPEN_DATA_P_7A3C73B2FD,Utah Open Data P 7A3C73B2Fd,other,2000,133,STRONG,-0.10631850257242705,0.15687113373018305
PORTAL_SOC_UTAH_OPEN_DATA_P_7B0A7183BD,Utah Open Data P 7B0A7183Bd,other,527,172,STRONG,-0.10080461393398865,0.15471877954220337
PORTAL_SOC_UTAH_OPEN_DATA_P_7DACFB4113,Utah Open Data P 7Dacfb4113,other,116,70,STRONG,-0.43566157140454054,0.09307296753768111
PORTAL_SOC_UTAH_OPEN_DATA_P_7F45E582F7,Utah Open Data P 7F45E582F7,other,851,151,STRONG,-0.11187226187786894,0.1426571598278625
PORTAL_SOC_UTAH_OPEN_DATA_P_862BA39EB7,Utah Open Data P 862Ba39Eb7,other,17,16,CORROBORATED,0.02365312605211993,0.154859017267291
PORTAL_SOC_UTAH_OPEN_DATA_P_86FCD42645,Utah Open Data P 86Fcd42645,other,103,5,STRONG,0.14651696128450048,0.3779725503529505
PORTAL_SOC_UTAH_OPEN_DATA_P_8D9FB9A1A3,Utah Open Data P 8D9Fb9A1A3,other,813,177,STRONG,-0.10344741242933922,0.15712483318280976
PORTAL_SOC_UTAH_OPEN_DATA_P_8DE28DA9D9,Utah Open Data P 8De28Da9D9,other,1421,35,CORROBORATED,0.007152114046218308,0.11683758694701392
PORTAL_SOC_UTAH_OPEN_DATA_P_9875D7F6E3,Utah Open Data P 9875D7F6E3,other,118,70,STRONG,-0.4114543483063124,0.06235256070320313
PORTAL_SOC_UTAH_OPEN_DATA_P_990C78C284,Utah Open Data P 990C78C284,other,2000,19,STEEL,0.17181739006053146,0.17441762612602357
PORTAL_SOC_UTAH_OPEN_DATA_P_9CF01A9E6C,Utah Open Data P 9Cf01A9E6C,other,557,173,STRONG,-0.11313839240068954,0.15043681822904859
PORTAL_SOC_UTAH_OPEN_DATA_P_A396F5D252,Utah Open Data P A396F5D252,other,116,70,STRONG,-0.39602252599502685,0.12033524624145374
PORTAL_SOC_UTAH_OPEN_DATA_P_A3B79359D3,Utah Open Data P A3B79359D3,other,731,175,STRONG,-0.11363049629084354,0.15756835523559198
PORTAL_SOC_UTAH_OPEN_DATA_P_A4022A1A2D,Utah Open Data P A4022A1A2D,other,468,150,STRONG,-0.11111784297094533,0.1506594270880192
PORTAL_SOC_UTAH_OPEN_DATA_P_A45115B872,Utah Open Data P A45115B872,other,917,151,STRONG,-0.09399156138393408,0.14662090006014236
PORTAL_SOC_UTAH_OPEN_DATA_P_A54AA90538,Utah Open Data P A54Aa90538,other,896,149,STRONG,-0.10855464371136109,0.14160384223229092
PORTAL_SOC_UTAH_OPEN_DATA_P_A5715666DA,Utah Open Data P A5715666Da,other,791,180,STRONG,-0.10032513800322314,0.1472204951480107
PORTAL_SOC_UTAH_OPEN_DATA_P_A5AE4FD7A4,Utah Open Data P A5Ae4Fd7A4,other,94,52,STEEL,0.0009030073506454579,0.07162203573250482
PORTAL_SOC_UTAH_OPEN_DATA_P_A6509F0D9F,Utah Open Data P A6509F0D9F,other,1999,11,STRONG,3.818396069056056,4.365381881385438
PORTAL_SOC_UTAH_OPEN_DATA_P_A9B7E273C8,Utah Open Data P A9B7E273C8,other,61,67,STEEL,0.015271599072228262,0.06659192077019097
PORTAL_SOC_UTAH_OPEN_DATA_P_AA0AB39DEE,Utah Open Data P Aa0Ab39Dee,other,2000,14,STEEL,-0.5087265052616008,-0.13619994117471543
PORTAL_SOC_UTAH_OPEN_DATA_P_AC08D0651F,Utah Open Data P Ac08D0651F,other,2000,20,STEEL,0.17742400424864171,0.16068786527376697
PORTAL_SOC_UTAH_OPEN_DATA_P_ACB06F036D,Utah Open Data P Acb06F036D,other,2000,14,STEEL,-0.5125891764683383,-0.14796440269561778
PORTAL_SOC_UTAH_OPEN_DATA_P_AD1173EDF2,Utah Open Data P Ad1173Edf2,other,2000,11,STRONG,3.849813637907339,4.330479185952585
PORTAL_SOC_UTAH_OPEN_DATA_P_AFAD2153EA,Utah Open Data P Afad2153Ea,other,118,70,STRONG,-0.3996656310338681,0.058272896529878826
PORTAL_SOC_UTAH_OPEN_DATA_P_B0F7881369,Utah Open Data P B0F7881369,other,107,2,STRONG,-0.16091946324009676,0.4328519486366138
PORTAL_SOC_UTAH_OPEN_DATA_P_B21F81E6F9,Utah Open Data P B21F81E6F9,other,2000,3,STEEL,-1.3805550429159037,-7.386184124641331
PORTAL_SOC_UTAH_OPEN_DATA_P_B55A5210A0,Utah Open Data P B55A5210A0,other,118,70,STRONG,-0.4170999656477463,0.050640001302671725
PORTAL_SOC_UTAH_OPEN_DATA_P_BACD4FF0A2,Utah Open Data P Bacd4Ff0A2,other,432,11,STRONG,3.828688961822124,4.325627448482867
PORTAL_SOC_UTAH_OPEN_DATA_P_BF328ADD84,Utah Open Data P Bf328Add84,other,116,70,STRONG,-0.43404983126804625,0.10584667410378691
PORTAL_SOC_UTAH_OPEN_DATA_P_BF857F3B65,Utah Open Data P Bf857F3B65,other,118,70,STRONG,-0.4273764900998608,0.11054668328320279
PORTAL_SOC_UTAH_OPEN_DATA_P_C357F1F9E1,Utah Open Data P C357F1F9E1,other,28,23,STEEL,0.02003047003673675,0.15995863003129066
PORTAL_SOC_UTAH_OPEN_DATA_P_C3B6301825,Utah Open Data P C3B6301825,other,2000,14,STEEL,-0.5067054720757389,-0.1616657554770743
PORTAL_SOC_UTAH_OPEN_DATA_P_C3B898941A,Utah Open Data P C3B898941A,other,41,3,STRONG,-0.3761620808733494,-0.0800844342972045
PORTAL_SOC_UTAH_OPEN_DATA_P_C68BC3F05C,Utah Open Data P C68Bc3F05C,other,37,49,STEEL,0.0038436350402807793,0.08121120569299985
PORTAL_SOC_UTAH_OPEN_DATA_P_CEE3F16579,Utah Open Data P Cee3F16579,other,116,70,STRONG,-0.39728523124706405,0.10478585563071283
PORTAL_SOC_UTAH_OPEN_DATA_P_D4ACA49A9B,Utah Open Data P D4Aca49A9B,other,1997,62,STEEL,0.060278891191604525,0.11383595807244551
PORTAL_SOC_UTAH_OPEN_DATA_P_D5F7CA2621,Utah Open Data P D5F7Ca2621,other,2000,189,STRONG,-0.07827826007310135,0.12560576801229217
PORTAL_SOC_UTAH_OPEN_DATA_P_D769AFDABA,Utah Open Data P D769Afdaba,health,1987,176,STRONG,-0.11852133194539688,0.15014610542767534
PORTAL_SOC_UTAH_OPEN_DATA_P_D903A6FE0D,Utah Open Data P D903A6Fe0D,other,2000,28,STRONG,-0.1096419625605653,0.23521349737461597
PORTAL_SOC_UTAH_OPEN_DATA_P_D9CAA2E2F3,Utah Open Data P D9Caa2E2F3,other,93,62,STRONG,-0.34653320220183226,0.11061607444631766
PORTAL_SOC_UTAH_OPEN_DATA_P_DCD75231F6,Utah Open Data P Dcd75231F6,other,61,67,STEEL,0.011068394198701039,0.06227944856057007
PORTAL_SOC_UTAH_OPEN_DATA_P_E7A8212053,Utah Open Data P E7A8212053,other,116,70,STRONG,-0.4122477325649781,0.12479594262519512
PORTAL_SOC_UTAH_OPEN_DATA_P_E801B0732D,Utah Open Data P E801B0732D,other,2000,3,STEEL,-1.3523273136791958,-7.381996852796112
PORTAL_SOC_UTAH_OPEN_DATA_P_E8FD09BE6D,Utah Open Data P E8Fd09Be6D,other,911,0,,,
PORTAL_SOC_UTAH_OPEN_DATA_P_EEFC28CE6F,Utah Open Data P Eefc28Ce6F,other,118,70,STRONG,-0.403039225493838,0.1301910831952074
PORTAL_SOC_UTAH_OPEN_DATA_P_F023097D74,Utah Open Data P F023097D74,other,2000,11,STRONG,3.823757563399392,4.298340012636449
PORTAL_SOC_UTAH_OPEN_DATA_P_F10F70DE47,Utah Open Data P F10F70De47,other,2000,20,STEEL,0.16389171845305206,0.17612489823220973
PORTAL_SOC_UTAH_OPEN_DATA_P_F1292B8D2F,Utah Open Data P F1292B8D2F,other,249,159,STEEL,-0.07307522975218196,0.14847392528136996
PORTAL_SOC_UTAH_OPEN_DATA_P_F259CD7FC8,Utah Open Data P F259Cd7Fc8,other,1988,158,STRONG,-0.11650729884861963,0.16119941148026373
PORTAL_SOC_UTAH_OPEN_DATA_P_F7CB1E8C0D,Utah Open Data P F7Cb1E8C0D,other,2000,20,STEEL,0.1645280312814405,0.161196810126101
PORTAL_SOC_UTAH_OPEN_DATA_P_F87FB2BFB7,Utah Open Data P F87Fb2Bfb7,other,25,21,STEEL,0.005261160429942939,0.17965751003568534
PORTAL_SOC_UTAH_OPEN_DATA_P_F8CDD62630,Utah Open Data P F8Cdd62630,other,1968,56,STEEL,0.058935810240374954,0.12988606198119498
PORTAL_SOC_UTAH_OPEN_DATA_P_F8E4EC438D,Utah Open Data P F8E4Ec438D,other,2000,11,STRONG,3.7908681237516815,4.317522480587003
PORTAL_SOC_UTAH_OPEN_DATA_P_FB07CFAF59,Utah Open Data P Fb07Cfaf59,other,37,49,STEEL,0.013183318334830243,0.08606025187804081
PORTAL_SOC_UTAH_OPEN_DATA_P_FB657AA744,Utah Open Data P Fb657Aa744,other,118,70,STRONG,-0.3903921224213049,0.07353583232192737
PORTAL_SOC_UTAH_OPEN_DATA_P_FE79F02E34,Utah Open Data P Fe79F02E34,other,307,55,STRONG,-0.11781869675187558,0.19439015868280307
PORTAL_SOC_WASHINGTON_STATE_1A95FB1665,Washington State 1A95Fb1665,other,112,0,,,
PORTAL_SOC_WASHINGTON_STATE_914CF85743,Washington State 914Cf85743,other,494,2,STEEL,0.27400714329979325,0.0887020325112788
XC_BIORXIV_MEDRXIV,Biorxiv Medrxiv,history,432,0,,,
XC_WAYBACK_DOJ_EPSTEIN,Wayback Doj Epstein,justice,1537352,0,,,
XC_WAYBACK_REPLAY_DOJ_DEEP_PAGES,Wayback Replay Doj Deep Pages,justice,2542,0,,,
XC_WAYBACK_REPLAY_DOJ_LISTING,Wayback Replay Doj Listing,justice,24897,0,,,
XC_WIKIPEDIA_LARGEST_US_COMPANIES,Wikipedia Largest Us Companies,history,100,12,PROBABILISTIC,-0.024644517668771553,0.23886542838349298
PORTAL_ARC_ATLANTA_DATAATLA_3E6E5804C7,Atlanta Dataatla 3E6E5804C7,other,5000,88,STRONG,-0.05708328479676264,-0.11197936598083619
PORTAL_ARC_ATLANTA_DATAATLA_D6C1E3B844,Atlanta Dataatla D6C1E3B844,other,395,3,STRONG,-0.03612115385544888,0.3714755414828605
PORTAL_ARC_HARRIS_COUNTY_OP_7BD125DFB0,Harris County Op 7Bd125Dfb0,other,359,65,CORROBORATED,-0.15553095487102278,0.00040993527233442427
PORTAL_ARC_TUCSON_OPEN_DATA_04EE75BE01,Tucson Open Data 04Ee75Be01,other,5000,119,STRONG,0.17791974123770926,-0.2712165308245344
PORTAL_ARC_TUCSON_OPEN_DATA_40615E7B14,Tucson Open Data 40615E7B14,other,3152,120,STRONG,0.17853450980095115,-0.2791637951191812
PORTAL_ARC_TUCSON_OPEN_DATA_AD6F34F882,Tucson Open Data Ad6F34F882,other,5000,119,STRONG,0.18087396448659088,-0.2677239645336862
PORTAL_ARC_TUCSON_OPEN_DATA_B15AE2B075,Tucson Open Data B15Ae2B075,other,3076,121,STRONG,0.18425741545938115,-0.26411254152194175
PORTAL_ARC_TUCSON_OPEN_DATA_CF31C19A20,Tucson Open Data Cf31C19A20,other,2230,96,STRONG,0.2489992630140247,-0.26191952492379017
PORTAL_SOC_COLORADO_INFORMA_4BAD70F01F,Colorado Informa 4Bad70F01F,other,2456,29,STEEL,0.1718444409920257,0.12395832387906304
PORTAL_SOC_CONNECTICUT_OPEN_6BE2302812,Connecticut Open 6Be2302812,other,5000,52,STEEL,0.06824979649110155,0.04809332303873784
PORTAL_SOC_UTAH_OPEN_DATA_P_124AD2A7E9,Utah Open Data P 124Ad2A7E9,other,4995,153,STRONG,-0.06907642062314066,0.11434158293497003
PORTAL_SOC_UTAH_OPEN_DATA_P_17CB6B615F,Utah Open Data P 17Cb6B615F,other,5000,49,STEEL,0.07006515482327352,0.07522416110793397
PORTAL_SOC_UTAH_OPEN_DATA_P_267ABEE380,Utah Open Data P 267Abee380,other,1139,78,STRONG,-0.03454418911001287,0.09920809928617504
PORTAL_SOC_UTAH_OPEN_DATA_P_275CD55E37,Utah Open Data P 275Cd55E37,other,118,70,STRONG,-0.41390208622133456,0.11301203427794297
PORTAL_SOC_UTAH_OPEN_DATA_P_2853122765,Utah Open Data P 2853122765,other,5000,11,STRONG,3.7844466855561176,4.337663809614493
PORTAL_SOC_UTAH_OPEN_DATA_P_289C31329B,Utah Open Data P 289C31329B,other,2402,166,STRONG,-0.08402569143368477,0.11327332580183601
PORTAL_SOC_UTAH_OPEN_DATA_P_33421B5A2A,Utah Open Data P 33421B5A2A,other,710,149,STRONG,-0.12081081618270623,0.15564705194890227
PORTAL_SOC_UTAH_OPEN_DATA_P_3CCC1D14AC,Utah Open Data P 3Ccc1D14Ac,other,5000,11,STRONG,3.84194229084737,4.308230183866523
PORTAL_SOC_UTAH_OPEN_DATA_P_4388C129F2,Utah Open Data P 4388C129F2,other,807,177,STRONG,-0.11691811886095035,0.14797792516119684
PORTAL_SOC_UTAH_OPEN_DATA_P_4AD0B626C8,Utah Open Data P 4Ad0B626C8,other,5000,157,STRONG,-0.06381220225585302,0.10751191914596468
PORTAL_SOC_UTAH_OPEN_DATA_P_4B47FCCAE8,Utah Open Data P 4B47Fccae8,other,4992,108,STRONG,-0.0910385884995734,0.11583990327901107
PORTAL_SOC_UTAH_OPEN_DATA_P_4DDE6E2C89,Utah Open Data P 4Dde6E2C89,other,116,70,STRONG,-0.4008682504512079,0.11826331682404898
PORTAL_SOC_UTAH_OPEN_DATA_P_4FE1D49F45,Utah Open Data P 4Fe1D49F45,other,538,172,STRONG,-0.10366014143008524,0.14150714214480803
PORTAL_SOC_UTAH_OPEN_DATA_P_50B9839DCD,Utah Open Data P 50B9839Dcd,other,117,70,STRONG,-0.38985540462823154,0.10464349560005336
PORTAL_SOC_UTAH_OPEN_DATA_P_589CC47A29,Utah Open Data P 589Cc47A29,other,4432,178,STRONG,-0.08418303931011918,0.11413849036280174
PORTAL_SOC_UTAH_OPEN_DATA_P_58A8494EEA,Utah Open Data P 58A8494Eea,other,4996,104,STRONG,-0.09815812612904387,0.11390015948858835
PORTAL_SOC_UTAH_OPEN_DATA_P_598E83DA4D,Utah Open Data P 598E83Da4D,other,529,173,STRONG,-0.10246922983409437,0.16390598010137158
PORTAL_SOC_UTAH_OPEN_DATA_P_59E244E1CC,Utah Open Data P 59E244E1Cc,other,4998,140,STRONG,-0.07300148378022472,0.11838977157309774
PORTAL_SOC_UTAH_OPEN_DATA_P_5D4CAAD7FB,Utah Open Data P 5D4Caad7Fb,other,116,70,STRONG,-0.376491854062509,0.08267308339787686
PORTAL_SOC_UTAH_OPEN_DATA_P_5E73751281,Utah Open Data P 5E73751281,other,817,177,STRONG,-0.09917509064234435,0.15914818414637055
PORTAL_SOC_UTAH_OPEN_DATA_P_617EBA9CD6,Utah Open Data P 617Eba9Cd6,other,118,70,STRONG,-0.442236100208701,0.073979621421509
PORTAL_SOC_UTAH_OPEN_DATA_P_6319D859B5,Utah Open Data P 6319D859B5,other,83,16,CORROBORATED,0.010677076403222668,0.16248662832904162
PORTAL_SOC_UTAH_OPEN_DATA_P_6DEEE0BF03,Utah Open Data P 6Deee0Bf03,other,2018,89,STRONG,-0.14393030907577525,0.11659045188090575
PORTAL_SOC_UTAH_OPEN_DATA_P_6F5FCC229F,Utah Open Data P 6F5Fcc229F,other,842,148,STRONG,-0.11626529874280636,0.13786327196828682
PORTAL_SOC_UTAH_OPEN_DATA_P_728FDA9FB7,Utah Open Data P 728Fda9Fb7,health,525,173,STRONG,-0.11500721169590458,0.14597713401017418
PORTAL_SOC_UTAH_OPEN_DATA_P_8196274D0D,Utah Open Data P 8196274D0D,other,117,70,STRONG,-0.43908666693236964,0.06377227723163449
PORTAL_SOC_UTAH_OPEN_DATA_P_81A81B1650,Utah Open Data P 81A81B1650,other,5000,49,CORROBORATED,-0.09682634949232646,-0.0010790865657928968
PORTAL_SOC_UTAH_OPEN_DATA_P_8A9374EA5D,Utah Open Data P 8A9374Ea5D,other,5000,27,STEEL,0.028502780239484805,0.11691133061806015
PORTAL_SOC_UTAH_OPEN_DATA_P_944A7B18A7,Utah Open Data P 944A7B18A7,other,852,151,STRONG,-0.10723733790873147,0.14433369659805692
PORTAL_SOC_UTAH_OPEN_DATA_P_956795DA22,Utah Open Data P 956795Da22,other,4996,142,STRONG,-0.07026131853429818,0.12225069109277197
PORTAL_SOC_UTAH_OPEN_DATA_P_9837982623,Utah Open Data P 9837982623,other,41,3,STRONG,-0.35884031186046167,-0.1136116713440726
PORTAL_SOC_UTAH_OPEN_DATA_P_99D27E2813,Utah Open Data P 99D27E2813,other,528,172,STRONG,-0.09434445673009195,0.15298095175530455
PORTAL_SOC_UTAH_OPEN_DATA_P_9C28A0A981,Utah Open Data P 9C28A0A981,other,88,3,STRONG,0.1668063803734389,0.4318633651077728
PORTAL_SOC_UTAH_OPEN_DATA_P_A3773E6FF0,Utah Open Data P A3773E6Ff0,other,88,3,STRONG,0.14441669230523782,0.4449893689241108
PORTAL_SOC_UTAH_OPEN_DATA_P_A6AF8166D5,Utah Open Data P A6Af8166D5,other,116,70,STRONG,-0.42407058974584455,0.06483451878659185
PORTAL_SOC_UTAH_OPEN_DATA_P_A8921E729F,Utah Open Data P A8921E729F,other,117,70,STRONG,-0.4137050278592432,0.1252040226298161
PORTAL_SOC_UTAH_OPEN_DATA_P_AA199B616A,Utah Open Data P Aa199B616A,other,5000,11,STRONG,3.8048548076002593,4.329196490821001
PORTAL_SOC_UTAH_OPEN_DATA_P_AC57352C67,Utah Open Data P Ac57352C67,other,116,70,STRONG,-0.3903858366560345,0.11086508959629411
PORTAL_SOC_UTAH_OPEN_DATA_P_B0241DEE4B,Utah Open Data P B0241Dee4B,other,116,70,STRONG,-0.3931482345206988,0.10044875418237459
PORTAL_SOC_UTAH_OPEN_DATA_P_B5E39C25F8,Utah Open Data P B5E39C25F8,other,835,179,STRONG,-0.09959319570510679,0.14914557025032485
PORTAL_SOC_UTAH_OPEN_DATA_P_B84814B0C6,Utah Open Data P B84814B0C6,other,117,70,STRONG,-0.38677720693270706,0.09402059016410205
PORTAL_SOC_UTAH_OPEN_DATA_P_CAEBCFEEAF,Utah Open Data P Caebcfeeaf,other,117,70,STRONG,-0.4110785615344021,0.07859110224606278
PORTAL_SOC_UTAH_OPEN_DATA_P_CC88C02100,Utah Open Data P Cc88C02100,other,35,11,STRONG,3.8471626730052395,4.358242500921719
PORTAL_SOC_UTAH_OPEN_DATA_P_CDBDD459C0,Utah Open Data P Cdbdd459C0,other,835,178,STRONG,-0.10672558011452522,0.16157860304098287
PORTAL_SOC_UTAH_OPEN_DATA_P_E776045748,Utah Open Data P E776045748,other,35,11,STRONG,3.7977173903500705,4.3540746221959985
PORTAL_SOC_UTAH_OPEN_DATA_P_F326BAD0FC,Utah Open Data P F326Bad0Fc,other,713,178,STRONG,-0.10397861703494865,0.14998821237974277
PORTAL_SOC_UTAH_OPEN_DATA_P_F6E04B3D02,Utah Open Data P F6E04B3D02,other,116,70,STRONG,-0.4156458014487172,0.07227382055239981
PORTAL_SOC_UTAH_OPEN_DATA_P_F9EFC33574,Utah Open Data P F9Efc33574,other,116,70,STRONG,-0.42997187206644605,0.0567004278215334
PORTAL_SOC_UTAH_OPEN_DATA_P_FA2123B348,Utah Open Data P Fa2123B348,other,116,70,STRONG,-0.401750683185979,0.07424087721461864
PORTAL_SOC_WASHINGTON_STATE_0DAE4A9B61,Washington State 0Dae4A9B61,other,2521,87,STRONG,-0.1291789217604749,0.1363760608442385
PORTAL_SOC_WASHINGTON_STATE_11CD1995B7,Washington State 11Cd1995B7,other,5000,19,STRONG,-0.0016146961543303919,0.2001247307801043
PORTAL_SOC_WASHINGTON_STATE_48EEEF5DFC,Washington State 48Eeef5Dfc,other,5000,1,STRONG,0.10806978495690359,0.4922592855401334
